date,ticker,action,shares,price,notional,commission,turnover_event,cost_event
2019-09-27,069500.KS,BUY,1,27200,27200,4,0.264861683343143,22.0
2019-09-27,091160.KS,SELL,1,21315,21315,3,0.264861683343143,22.0
2019-09-27,114260.KS,SELL,1,57010,57010,8,0.264861683343143,22.0
2019-09-27,132030.KS,BUY,3,10800,32400,4,0.264861683343143,22.0
2019-09-27,261240.KS,BUY,2,10475,20950,3,0.264861683343143,22.0
2019-09-30,069500.KS,SELL,1,27430,27430,4,0.0902498568768219,7.0
2019-09-30,261240.KS,BUY,2,10445,20890,3,0.0902498568768219,7.0
2019-10-01,069500.KS,BUY,1,27495,27495,4,0.3479963894159814,30.0
2019-10-01,091160.KS,BUY,1,21460,21460,3,0.3479963894159814,30.0
2019-10-01,261240.KS,BUY,2,10475,20950,3,0.3479963894159814,30.0
2019-10-01,304660.KS,BUY,3,11910,35730,5,0.3479963894159814,30.0
2019-10-01,153130.KS,SELL,1,101365,101365,15,0.3479963894159814,30.0
2019-10-02,069500.KS,SELL,1,26910,26910,4,0.1881541373465848,15.0
2019-10-02,091160.KS,SELL,1,20940,20940,3,0.1881541373465848,15.0
2019-10-02,102780.KS,SELL,1,6160,6160,0,0.1881541373465848,15.0
2019-10-02,261240.KS,BUY,2,10530,21060,3,0.1881541373465848,15.0
2019-10-02,304660.KS,BUY,3,12000,36000,5,0.1881541373465848,15.0
2019-10-07,132030.KS,BUY,1,10805,10805,1,0.0756869745555256,5.0
2019-10-07,261240.KS,SELL,2,10450,20900,3,0.0756869745555256,5.0
2019-10-07,304660.KS,BUY,1,12260,12260,1,0.0756869745555256,5.0
2019-10-08,132030.KS,BUY,1,10685,10685,1,0.0352678674575118,2.0
2019-10-08,261240.KS,SELL,1,10420,10420,1,0.0352678674575118,2.0
2019-10-10,132030.KS,SELL,1,10790,10790,1,0.0355308219178082,2.0
2019-10-10,261240.KS,BUY,1,10450,10450,1,0.0355308219178082,2.0
2019-10-11,132030.KS,BUY,1,10750,10750,1,0.0355992092008225,2.0
2019-10-11,261240.KS,SELL,1,10390,10390,1,0.0355992092008225,2.0
2019-10-14,102780.KS,BUY,1,6360,6360,0,0.0688322786809474,4.0
2019-10-14,132030.KS,BUY,1,10675,10675,1,0.0688322786809474,4.0
2019-10-14,261240.KS,SELL,2,10350,20700,3,0.0688322786809474,4.0
2019-10-15,132030.KS,BUY,1,10685,10685,1,0.0750181816974233,5.0
2019-10-15,261240.KS,SELL,2,10355,20710,3,0.0750181816974233,5.0
2019-10-15,304660.KS,BUY,1,11905,11905,1,0.0750181816974233,5.0
2019-10-30,069500.KS,BUY,1,27555,27555,4,0.3790440535136803,31.0
2019-10-30,091160.KS,BUY,1,22220,22220,3,0.3790440535136803,31.0
2019-10-30,102780.KS,BUY,1,6470,6470,0,0.3790440535136803,31.0
2019-10-30,114260.KS,BUY,1,56680,56680,8,0.3790440535136803,31.0
2019-10-30,304660.KS,SELL,1,11570,11570,1,0.3790440535136803,31.0
2019-10-30,153130.KS,SELL,1,101420,101420,15,0.3790440535136803,31.0
2019-11-04,091160.KS,SELL,1,22970,22970,3,0.3355760197938581,28.0
2019-11-04,114260.KS,SELL,1,56650,56650,8,0.3355760197938581,28.0
2019-11-04,132030.KS,SELL,1,10820,10820,1,0.3355760197938581,28.0
2019-11-04,261240.KS,SELL,1,10140,10140,1,0.3355760197938581,28.0
2019-11-04,153130.KS,BUY,1,101450,101450,15,0.3355760197938581,28.0
2019-11-05,091160.KS,BUY,1,23080,23080,3,0.112978965056888,7.0
2019-11-05,102780.KS,BUY,1,6660,6660,0,0.112978965056888,7.0
2019-11-05,132030.KS,SELL,1,10770,10770,1,0.112978965056888,7.0
2019-11-05,304660.KS,SELL,2,11625,23250,3,0.112978965056888,7.0
2019-11-06,069500.KS,BUY,1,28475,28475,4,0.117235465271475,8.0
2019-11-06,102780.KS,BUY,1,6660,6660,0,0.117235465271475,8.0
2019-11-06,132030.KS,SELL,2,10635,21270,3,0.117235465271475,8.0
2019-11-06,304660.KS,SELL,1,11560,11560,1,0.117235465271475,8.0
2019-11-07,091160.KS,BUY,1,22490,22490,3,0.0750184293829408,5.0
2019-11-07,132030.KS,SELL,1,10680,10680,1,0.0750184293829408,5.0
2019-11-07,304660.KS,SELL,1,11605,11605,1,0.0750184293829408,5.0
2019-11-08,069500.KS,BUY,1,28345,28345,4,0.1174180437815216,8.0
2019-11-08,102780.KS,BUY,1,6670,6670,1,0.1174180437815216,8.0
2019-11-08,132030.KS,SELL,1,10535,10535,1,0.1174180437815216,8.0
2019-11-08,261240.KS,SELL,1,10125,10125,1,0.1174180437815216,8.0
2019-11-08,304660.KS,SELL,1,11425,11425,1,0.1174180437815216,8.0
2019-11-12,091160.KS,SELL,1,22310,22310,3,0.0748569798849128,4.0
2019-11-12,102780.KS,BUY,1,6640,6640,0,0.0748569798849128,4.0
2019-11-12,132030.KS,BUY,1,10375,10375,1,0.0748569798849128,4.0
2019-11-14,069500.KS,BUY,1,28370,28370,4,0.3576785546880231,28.0
2019-11-14,091160.KS,BUY,2,22405,44810,6,0.3576785546880231,28.0
2019-11-14,102780.KS,BUY,2,6625,13250,1,0.3576785546880231,28.0
2019-11-14,229200.KS,BUY,1,10150,10150,1,0.3576785546880231,28.0
2019-11-14,261240.KS,BUY,1,10250,10250,1,0.3576785546880231,28.0
2019-11-14,153130.KS,SELL,1,101475,101475,15,0.3576785546880231,28.0
2019-11-15,102780.KS,BUY,1,6715,6715,1,0.03407686869421,2.0
2019-11-15,229200.KS,SELL,1,10315,10315,1,0.03407686869421,2.0
2020-02-03,102780.KS,SELL,1,7090,7090,1,0.0352449429464646,2.0
2020-02-03,132030.KS,BUY,1,11240,11240,1,0.0352449429464646,2.0
2020-02-06,102780.KS,BUY,1,7545,7545,1,0.0336048818066566,2.0
2020-02-06,132030.KS,SELL,1,11080,11080,1,0.0336048818066566,2.0
2020-02-25,132030.KS,BUY,1,11640,11640,1,0.0360263326493282,2.0
2020-02-25,261240.KS,SELL,1,10635,10635,1,0.0360263326493282,2.0
2020-02-27,069500.KS,SELL,1,28095,28095,4,0.22102884783681,17.0
2020-02-27,091160.KS,SELL,1,25170,25170,3,0.22102884783681,17.0
2020-02-27,102780.KS,SELL,2,6995,13990,2,0.22102884783681,17.0
2020-02-27,229200.KS,BUY,1,9780,9780,1,0.22102884783681,17.0
2020-02-27,132030.KS,BUY,2,11745,23490,3,0.22102884783681,17.0
2020-02-27,261240.KS,BUY,1,10695,10695,1,0.22102884783681,17.0
2020-02-27,304660.KS,BUY,2,12745,25490,3,0.22102884783681,17.0
2020-03-02,069500.KS,SELL,1,27450,27450,4,0.1636429806791135,13.0
2020-03-02,102780.KS,SELL,2,6835,13670,2,0.1636429806791135,13.0
2020-03-02,229200.KS,SELL,1,9690,9690,1,0.1636429806791135,13.0
2020-03-02,132030.KS,BUY,2,11405,22810,3,0.1636429806791135,13.0
2020-03-02,304660.KS,BUY,2,13070,26140,3,0.1636429806791135,13.0
2020-03-10,091160.KS,SELL,1,24770,24770,3,0.1322901400904521,10.0
2020-03-10,102780.KS,SELL,1,6715,6715,1,0.1322901400904521,10.0
2020-03-10,132030.KS,BUY,1,11805,11805,1,0.1322901400904521,10.0
2020-03-10,261240.KS,SELL,1,10490,10490,1,0.1322901400904521,10.0
2020-03-10,304660.KS,BUY,2,14175,28350,4,0.1322901400904521,10.0
2020-03-11,091160.KS,BUY,1,23755,23755,3,0.096729374940113,7.0
2020-03-11,102780.KS,BUY,1,6530,6530,0,0.096729374940113,7.0
2020-03-11,304660.KS,SELL,2,14065,28130,4,0.096729374940113,7.0
2020-03-12,069500.KS,SELL,1,25180,25180,3,0.3176383517322007,25.0
2020-03-12,091160.KS,SELL,2,22725,45450,6,0.3176383517322007,25.0
2020-03-12,102780.KS,SELL,4,6280,25120,3,0.3176383517322007,25.0
2020-03-12,114260.KS,BUY,1,57600,57600,8,0.3176383517322007,25.0
2020-03-12,132030.KS,BUY,1,11605,11605,1,0.3176383517322007,25.0
2020-03-12,304660.KS,BUY,2,13895,27790,4,0.3176383517322007,25.0
2020-03-13,069500.KS,SELL,1,24530,24530,3,0.0827812893362985,5.0
2020-03-13,132030.KS,BUY,1,11290,11290,1,0.0827812893362985,5.0
2020-03-13,261240.KS,BUY,1,10690,10690,1,0.0827812893362985,5.0
2020-03-17,132030.KS,SELL,1,10570,10570,1,0.0371391793718774,2.0
2020-03-17,261240.KS,BUY,1,10935,10935,1,0.0371391793718774,2.0
2020-03-18,114260.KS,SELL,1,57580,57580,8,0.3560286831180253,28.0
2020-03-18,132030.KS,SELL,3,10725,32175,4,0.3560286831180253,28.0
2020-03-18,304660.KS,SELL,1,13070,13070,1,0.3560286831180253,28.0
2020-03-18,153130.KS,BUY,1,102080,102080,15,0.3560286831180253,28.0
2020-03-19,114260.KS,BUY,1,57160,57160,8,0.3691607388851894,29.0
2020-03-19,261240.KS,BUY,2,11315,22630,3,0.3691607388851894,29.0
2020-03-19,304660.KS,BUY,2,12495,24990,3,0.3691607388851894,29.0
2020-03-19,153130.KS,SELL,1,102090,102090,15,0.3691607388851894,29.0
2020-03-20,114260.KS,SELL,1,57300,57300,8,0.4008489592053128,31.0
2020-03-20,132030.KS,SELL,3,10655,31965,4,0.4008489592053128,31.0
2020-03-20,261240.KS,BUY,1,10970,10970,1,0.4008489592053128,31.0
2020-03-20,304660.KS,SELL,2,12830,25660,3,0.4008489592053128,31.0
2020-03-20,153130.KS,BUY,1,102075,102075,15,0.4008489592053128,31.0
2020-03-23,132030.KS,SELL,1,10610,10610,1,0.0382298106844695,2.0
2020-03-23,261240.KS,BUY,1,11155,11155,1,0.0382298106844695,2.0
2020-03-24,229200.KS,BUY,1,8150,8150,1,0.3473751195293013,29.0
2020-03-24,114260.KS,BUY,1,57350,57350,8,0.3473751195293013,29.0
2020-03-24,261240.KS,BUY,2,10985,21970,3,0.3473751195293013,29.0
2020-03-24,304660.KS,BUY,1,13665,13665,2,0.3473751195293013,29.0
2020-03-24,153130.KS,SELL,1,102080,102080,15,0.3473751195293013,29.0
2020-03-25,132030.KS,SELL,2,11730,23460,3,0.0795558976828412,6.0
2020-03-25,261240.KS,BUY,2,10805,21610,3,0.0795558976828412,6.0
2020-03-26,229200.KS,SELL,1,8445,8445,1,0.0775144008437677,5.0
2020-03-26,132030.KS,BUY,2,11465,22930,3,0.0775144008437677,5.0
2020-03-26,261240.KS,SELL,1,10850,10850,1,0.0775144008437677,5.0
2020-03-27,229200.KS,BUY,1,8550,8550,1,0.0792960817208098,5.0
2020-03-27,132030.KS,SELL,2,11675,23350,3,0.0792960817208098,5.0
2020-03-27,261240.KS,BUY,1,10670,10670,1,0.0792960817208098,5.0
2020-03-30,229200.KS,SELL,1,8770,8770,1,0.0777229845626072,5.0
2020-03-30,132030.KS,BUY,2,11600,23200,3,0.0777229845626072,5.0
2020-03-30,261240.KS,SELL,1,10785,10785,1,0.0777229845626072,5.0
2020-03-31,114260.KS,SELL,1,57545,57545,8,0.3494692458981059,29.0
2020-03-31,261240.KS,SELL,3,10735,32205,4,0.3494692458981059,29.0
2020-03-31,304660.KS,SELL,1,14020,14020,2,0.3494692458981059,29.0
2020-03-31,153130.KS,BUY,1,102085,102085,15,0.3494692458981059,29.0
2020-04-01,132030.KS,BUY,1,11310,11310,1,0.0380773465038531,2.0
2020-04-01,261240.KS,SELL,1,10850,10850,1,0.0380773465038531,2.0
2020-04-02,132030.KS,SELL,1,11305,11305,1,0.0378803109502747,2.0
2020-04-02,261240.KS,BUY,1,10825,10825,1,0.0378803109502747,2.0
2020-04-03,114260.KS,BUY,1,57560,57560,8,0.3492517229952502,29.0
2020-04-03,261240.KS,BUY,3,10860,32580,4,0.3492517229952502,29.0
2020-04-03,304660.KS,BUY,1,14200,14200,2,0.3492517229952502,29.0
2020-04-03,153130.KS,SELL,1,102120,102120,15,0.3492517229952502,29.0
2020-04-06,114260.KS,SELL,1,57590,57590,8,0.3490220887768662,29.0
2020-04-06,261240.KS,SELL,3,10840,32520,4,0.3490220887768662,29.0
2020-04-06,304660.KS,SELL,1,14160,14160,2,0.3490220887768662,29.0
2020-04-06,153130.KS,BUY,1,102140,102140,15,0.3490220887768662,29.0
2020-04-07,132030.KS,BUY,1,12110,12110,1,0.0406587318907485,2.0
2020-04-07,261240.KS,SELL,1,10770,10770,1,0.0406587318907485,2.0
2020-04-08,114260.KS,BUY,1,57630,57630,8,0.3429582287149053,28.0
2020-04-08,132030.KS,BUY,2,11875,23750,3,0.3429582287149053,28.0
2020-04-08,304660.KS,BUY,1,14060,14060,2,0.3429582287149053,28.0
2020-04-08,153130.KS,SELL,1,102170,102170,15,0.3429582287149053,28.0
2020-04-09,102780.KS,SELL,1,5980,5980,0,0.3844987107538298,30.0
2020-04-09,114260.KS,SELL,1,57735,57735,8,0.3844987107538298,30.0
2020-04-09,132030.KS,BUY,1,11900,11900,1,0.3844987107538298,30.0
2020-04-09,261240.KS,SELL,3,10760,32280,4,0.3844987107538298,30.0
2020-04-09,304660.KS,SELL,1,13880,13880,2,0.3844987107538298,30.0
2020-04-09,153130.KS,BUY,1,102175,102175,15,0.3844987107538298,30.0
2020-05-21,069500.KS,BUY,1,26375,26375,3,0.3452941766061942,27.0
2020-05-21,102780.KS,BUY,1,6665,6665,0,0.3452941766061942,27.0
2020-05-21,114260.KS,BUY,1,58010,58010,8,0.3452941766061942,27.0
2020-05-21,132030.KS,BUY,1,12300,12300,1,0.3452941766061942,27.0
2020-05-21,153130.KS,SELL,1,102300,102300,15,0.3452941766061942,27.0
2020-05-22,091160.KS,BUY,1,25090,25090,3,0.1940805758861072,14.0
2020-05-22,102780.KS,BUY,1,6575,6575,0,0.1940805758861072,14.0
2020-05-22,114260.KS,SELL,1,58020,58020,8,0.1940805758861072,14.0
2020-05-22,261240.KS,BUY,1,10920,10920,1,0.1940805758861072,14.0
2020-05-22,304660.KS,BUY,1,13920,13920,2,0.1940805758861072,14.0
2020-05-27,132030.KS,BUY,1,12055,12055,1,0.040555906931679,2.0
2020-05-27,261240.KS,SELL,1,10900,10900,1,0.040555906931679,2.0
2020-05-28,069500.KS,BUY,1,26825,26825,4,0.0903999164243083,7.0
2020-05-28,132030.KS,SELL,1,12140,12140,1,0.0903999164243083,7.0
2020-05-28,304660.KS,SELL,1,13610,13610,2,0.0903999164243083,7.0
2020-05-29,102780.KS,BUY,1,6800,6800,1,0.0367930726595798,2.0
2020-05-29,261240.KS,SELL,1,10920,10920,1,0.0367930726595798,2.0
2020-06-02,069500.KS,SELL,1,27590,27590,4,0.3405828201468528,28.0
2020-06-02,091160.KS,SELL,1,25760,25760,3,0.3405828201468528,28.0
2020-06-02,102780.KS,SELL,1,6995,6995,1,0.3405828201468528,28.0
2020-06-02,132030.KS,SELL,2,12255,24510,3,0.3405828201468528,28.0
2020-06-02,304660.KS,SELL,1,13620,13620,2,0.3405828201468528,28.0
2020-06-02,153130.KS,BUY,1,102370,102370,15,0.3405828201468528,28.0
2020-06-03,091160.KS,BUY,1,26260,26260,3,0.0874255085394679,6.0
2020-06-03,132030.KS,SELL,1,12120,12120,1,0.0874255085394679,6.0
2020-06-03,304660.KS,SELL,1,13490,13490,2,0.0874255085394679,6.0
2020-06-04,069500.KS,BUY,1,28635,28635,4,0.4227198781396249,34.0
2020-06-04,091160.KS,BUY,1,26095,26095,3,0.4227198781396249,34.0
2020-06-04,229200.KS,BUY,1,11515,11515,1,0.4227198781396249,34.0
2020-06-04,114260.KS,BUY,1,57945,57945,8,0.4227198781396249,34.0
2020-06-04,261240.KS,SELL,1,10760,10760,1,0.4227198781396249,34.0
2020-06-04,304660.KS,SELL,1,13425,13425,2,0.4227198781396249,34.0
2020-06-04,153130.KS,SELL,1,102360,102360,15,0.4227198781396249,34.0
2020-06-05,069500.KS,BUY,1,29115,29115,4,0.1958089717322139,15.0
2020-06-05,102780.KS,BUY,1,7325,7325,1,0.1958089717322139,15.0
2020-06-05,229200.KS,BUY,1,11670,11670,1,0.1958089717322139,15.0
2020-06-05,114260.KS,SELL,1,57920,57920,8,0.1958089717322139,15.0
2020-06-05,261240.KS,BUY,1,10665,10665,1,0.1958089717322139,15.0
2020-06-08,069500.KS,SELL,1,29075,29075,4,0.3420837162670231,26.0
2020-06-08,091160.KS,SELL,1,26270,26270,3,0.3420837162670231,26.0
2020-06-08,102780.KS,SELL,1,7295,7295,1,0.3420837162670231,26.0
2020-06-08,229200.KS,SELL,1,11725,11725,1,0.3420837162670231,26.0
2020-06-08,132030.KS,SELL,1,11910,11910,1,0.3420837162670231,26.0
2020-06-08,304660.KS,SELL,1,13070,13070,1,0.3420837162670231,26.0
2020-06-08,153130.KS,BUY,1,102360,102360,15,0.3420837162670231,26.0
2020-06-10,069500.KS,BUY,2,29180,58360,8,0.3401972090302726,27.0
2020-06-10,091160.KS,BUY,1,26195,26195,3,0.3401972090302726,27.0
2020-06-10,229200.KS,BUY,1,11870,11870,1,0.3401972090302726,27.0
2020-06-10,153130.KS,SELL,1,102365,102365,15,0.3401972090302726,27.0
2020-06-11,229200.KS,BUY,1,11875,11875,1,0.0807093726581736,5.0
2020-06-11,132030.KS,BUY,1,12190,12190,1,0.0807093726581736,5.0
2020-06-11,261240.KS,SELL,1,10570,10570,1,0.0807093726581736,5.0
2020-06-11,304660.KS,SELL,1,13555,13555,2,0.0807093726581736,5.0
2020-06-16,069500.KS,SELL,1,28340,28340,4,0.1482145530258699,10.0
2020-06-16,102780.KS,BUY,1,7335,7335,1,0.1482145530258699,10.0
2020-06-16,229200.KS,SELL,1,11660,11660,1,0.1482145530258699,10.0
2020-06-16,132030.KS,BUY,1,12125,12125,1,0.1482145530258699,10.0
2020-06-16,261240.KS,BUY,1,10665,10665,1,0.1482145530258699,10.0
2020-06-16,304660.KS,BUY,1,13440,13440,2,0.1482145530258699,10.0
2020-06-17,069500.KS,BUY,1,28260,28260,4,0.102728442990724,7.0
2020-06-17,102780.KS,SELL,1,7350,7350,1,0.102728442990724,7.0
2020-06-17,132030.KS,SELL,1,12175,12175,1,0.102728442990724,7.0
2020-06-17,261240.KS,SELL,1,10720,10720,1,0.102728442990724,7.0
2020-06-23,229200.KS,BUY,1,11875,11875,1,0.0459715719911437,3.0
2020-06-23,304660.KS,SELL,1,13600,13600,2,0.0459715719911437,3.0
2020-06-24,091160.KS,BUY,1,25575,25575,3,0.0853376132829705,6.0
2020-06-24,132030.KS,SELL,2,12520,25040,3,0.0853376132829705,6.0
2020-07-31,102780.KS,BUY,1,7360,7360,1,0.0629119983958693,4.0
2020-07-31,229200.KS,BUY,1,12720,12720,1,0.0629119983958693,4.0
2020-07-31,304660.KS,SELL,1,14385,14385,2,0.0629119983958693,4.0
2020-09-02,091160.KS,SELL,1,26705,26705,4,0.0824019846828889,7.0
2020-09-02,102780.KS,BUY,1,7565,7565,1,0.0824019846828889,7.0
2020-09-02,304660.KS,BUY,1,13725,13725,2,0.0824019846828889,7.0
2020-09-03,069500.KS,BUY,1,31615,31615,4,0.1431622953571047,12.0
2020-09-03,091160.KS,SELL,1,27400,27400,4,0.1431622953571047,12.0
2020-09-03,102780.KS,BUY,2,7650,15300,2,0.1431622953571047,12.0
2020-09-03,304660.KS,SELL,1,13875,13875,2,0.1431622953571047,12.0
2020-09-25,069500.KS,SELL,1,30350,30350,4,0.0973371006693328,7.0
2020-09-25,132030.KS,BUY,1,12910,12910,1,0.0973371006693328,7.0
2020-09-25,304660.KS,BUY,1,13845,13845,2,0.0973371006693328,7.0
2020-09-29,229200.KS,BUY,1,13220,13220,1,0.0412943046969928,2.0
2020-09-29,132030.KS,SELL,1,12995,12995,1,0.0412943046969928,2.0
2020-11-02,229200.KS,SELL,1,12270,12270,1,0.0417458953891296,2.0
2020-11-02,132030.KS,BUY,1,12975,12975,1,0.0417458953891296,2.0
2020-11-04,229200.KS,BUY,1,12790,12790,1,0.0421284086424316,3.0
2020-11-04,304660.KS,SELL,1,13450,13450,2,0.0421284086424316,3.0
2021-01-05,091160.KS,BUY,1,34710,34710,5,0.1139045107045228,11.0
2021-01-05,102780.KS,BUY,1,10375,10375,1,0.1139045107045228,11.0
2021-01-05,229200.KS,SELL,2,15410,30820,4,0.1139045107045228,11.0
2021-01-05,132030.KS,SELL,1,13325,13325,1,0.1139045107045228,11.0
2021-01-06,229200.KS,SELL,1,15280,15280,2,0.0389748194098681,4.0
2021-01-06,132030.KS,BUY,1,13350,13350,2,0.0389748194098681,4.0
2021-02-01,069500.KS,BUY,1,42150,42150,6,0.1057904921579503,10.0
2021-02-01,132030.KS,SELL,2,12755,25510,3,0.1057904921579503,10.0
2021-02-01,304660.KS,SELL,1,12805,12805,1,0.1057904921579503,10.0
2021-02-25,069500.KS,SELL,1,42890,42890,6,0.259294036772654,29.0
2021-02-25,091160.KS,SELL,1,36880,36880,5,0.259294036772654,29.0
2021-02-25,102780.KS,SELL,1,10230,10230,1,0.259294036772654,29.0
2021-02-25,229200.KS,SELL,1,14105,14105,2,0.259294036772654,29.0
2021-02-25,153130.KS,BUY,1,102730,102730,15,0.259294036772654,29.0
2021-02-26,069500.KS,SELL,1,41705,41705,6,0.1060845013099992,10.0
2021-02-26,102780.KS,BUY,1,9925,9925,1,0.1060845013099992,10.0
2021-02-26,229200.KS,BUY,1,13665,13665,2,0.1060845013099992,10.0
2021-02-26,304660.KS,BUY,1,11770,11770,1,0.1060845013099992,10.0
2021-03-09,069500.KS,BUY,1,41215,41215,6,0.106303680586005,10.0
2021-03-09,102780.KS,SELL,1,9680,9680,1,0.106303680586005,10.0
2021-03-09,229200.KS,SELL,1,13570,13570,2,0.106303680586005,10.0
2021-03-09,304660.KS,SELL,1,11735,11735,1,0.106303680586005,10.0
2021-03-26,069500.KS,SELL,1,41905,41905,6,0.1061383179463799,10.0
2021-03-26,102780.KS,BUY,1,9835,9835,1,0.1061383179463799,10.0
2021-03-26,229200.KS,BUY,1,14450,14450,2,0.1061383179463799,10.0
2021-03-26,304660.KS,BUY,1,11555,11555,1,0.1061383179463799,10.0
2021-08-18,069500.KS,BUY,1,41365,41365,6,0.3452732003469211,38.0
2021-08-18,091160.KS,BUY,1,35900,35900,5,0.3452732003469211,38.0
2021-08-18,229200.KS,SELL,1,14595,14595,2,0.3452732003469211,38.0
2021-08-18,261240.KS,BUY,6,10345,62070,9,0.3452732003469211,38.0
2021-08-18,304660.KS,SELL,1,12645,12645,1,0.3452732003469211,38.0
2021-08-18,153130.KS,SELL,1,102860,102860,15,0.3452732003469211,38.0
2021-08-23,069500.KS,SELL,1,40505,40505,6,0.1546869164067311,16.0
2021-08-23,102780.KS,SELL,2,10395,20790,3,0.1546869164067311,16.0
2021-08-23,261240.KS,BUY,4,10395,41580,6,0.1546869164067311,16.0
2021-08-23,304660.KS,BUY,1,12755,12755,1,0.1546869164067311,16.0
2021-08-26,069500.KS,BUY,1,41095,41095,6,0.1037462822579837,12.0
2021-08-26,261240.KS,SELL,4,10360,41440,6,0.1037462822579837,12.0
2021-09-01,069500.KS,SELL,1,42045,42045,6,0.2798241049254073,29.0
2021-09-01,091160.KS,SELL,1,36235,36235,5,0.2798241049254073,29.0
2021-09-01,102780.KS,BUY,1,10600,10600,1,0.2798241049254073,29.0
2021-09-01,132030.KS,SELL,1,12310,12310,1,0.2798241049254073,29.0
2021-09-01,304660.KS,SELL,1,12615,12615,1,0.2798241049254073,29.0
2021-09-01,153130.KS,BUY,1,102860,102860,15,0.2798241049254073,29.0
2021-09-02,091160.KS,SELL,1,35970,35970,5,0.114788478959582,11.0
2021-09-02,229200.KS,BUY,2,15105,30210,4,0.114788478959582,11.0
2021-09-02,261240.KS,SELL,1,10280,10280,1,0.114788478959582,11.0
2021-09-02,304660.KS,BUY,1,12660,12660,1,0.114788478959582,11.0
2021-09-06,091160.KS,BUY,1,36060,36060,5,0.093858320630301,9.0
2021-09-06,229200.KS,SELL,1,15185,15185,2,0.093858320630301,9.0
2021-09-06,261240.KS,SELL,1,10230,10230,1,0.093858320630301,9.0
2021-09-06,304660.KS,SELL,1,12575,12575,1,0.093858320630301,9.0
2021-09-08,229200.KS,BUY,1,14925,14925,2,0.0371402620348135,3.0
2021-09-08,261240.KS,SELL,1,10325,10325,1,0.0371402620348135,3.0
2021-09-10,069500.KS,BUY,1,40915,40915,6,0.2577466692701683,29.0
2021-09-10,102780.KS,BUY,1,10320,10320,1,0.2577466692701683,29.0
2021-09-10,261240.KS,BUY,5,10345,51725,7,0.2577466692701683,29.0
2021-09-10,153130.KS,SELL,1,102895,102895,15,0.2577466692701683,29.0
2021-09-15,261240.KS,SELL,2,10360,20720,3,0.0514491170219105,4.0
2021-09-15,304660.KS,BUY,1,12830,12830,1,0.0514491170219105,4.0
2021-09-17,102780.KS,BUY,1,10295,10295,1,0.0636404904670211,5.0
2021-09-17,229200.KS,BUY,1,15220,15220,2,0.0636404904670211,5.0
2021-09-17,261240.KS,SELL,1,10395,10395,1,0.0636404904670211,5.0
2021-09-17,304660.KS,SELL,1,12750,12750,1,0.0636404904670211,5.0
2021-09-27,102780.KS,SELL,1,10325,10325,1,0.0780343351074472,7.0
2021-09-27,229200.KS,SELL,1,15095,15095,2,0.0780343351074472,7.0
2021-09-27,261240.KS,BUY,3,10400,31200,4,0.0780343351074472,7.0
2021-09-30,069500.KS,SELL,2,40195,80390,12,0.2936041918334683,33.0
2021-09-30,102780.KS,SELL,2,10075,20150,3,0.2936041918334683,33.0
2021-09-30,229200.KS,SELL,1,14665,14665,2,0.2936041918334683,33.0
2021-09-30,261240.KS,BUY,1,10480,10480,1,0.2936041918334683,33.0
2021-09-30,153130.KS,BUY,1,102935,102935,15,0.2936041918334683,33.0
2021-10-07,091160.KS,SELL,1,31570,31570,4,0.109285080458935,11.0
2021-10-07,102780.KS,SELL,1,9645,9645,1,0.109285080458935,11.0
2021-10-07,261240.KS,BUY,4,10530,42120,6,0.109285080458935,11.0
2021-11-03,102780.KS,BUY,1,9790,9790,1,0.0810972390446908,7.0
2021-11-03,229200.KS,BUY,1,14630,14630,2,0.0810972390446908,7.0
2021-11-03,261240.KS,SELL,3,10445,31335,4,0.0810972390446908,7.0
2021-11-04,229200.KS,BUY,1,14640,14640,2,0.0378195871361737,3.0
2021-11-04,261240.KS,SELL,1,10450,10450,1,0.0378195871361737,3.0
2021-11-08,069500.KS,BUY,1,38945,38945,5,0.2661466708721348,28.0
2021-11-08,091160.KS,BUY,1,33815,33815,5,0.2661466708721348,28.0
2021-11-08,102780.KS,BUY,2,9780,19560,2,0.2661466708721348,28.0
2021-11-08,261240.KS,BUY,1,10455,10455,1,0.2661466708721348,28.0
2021-11-08,153130.KS,SELL,1,102945,102945,15,0.2661466708721348,28.0
2021-11-09,069500.KS,BUY,1,39045,39045,5,0.1142059841868637,11.0
2021-11-09,091160.KS,SELL,1,33785,33785,5,0.1142059841868637,11.0
2021-11-09,261240.KS,SELL,1,10415,10415,1,0.1142059841868637,11.0
2021-11-12,069500.KS,SELL,2,39035,78070,11,0.2929438780386373,31.0
2021-11-12,102780.KS,SELL,2,9750,19500,2,0.2929438780386373,31.0
2021-11-12,229200.KS,SELL,1,14870,14870,2,0.2929438780386373,31.0
2021-11-12,261240.KS,BUY,1,10435,10435,1,0.2929438780386373,31.0
2021-11-12,153130.KS,BUY,1,102975,102975,15,0.2929438780386373,31.0
2021-11-16,069500.KS,BUY,1,39415,39415,5,0.2641256847417984,27.0
2021-11-16,102780.KS,BUY,2,9910,19820,2,0.2641256847417984,27.0
2021-11-16,229200.KS,BUY,2,15335,30670,4,0.2641256847417984,27.0
2021-11-16,261240.KS,BUY,1,10420,10420,1,0.2641256847417984,27.0
2021-11-16,153130.KS,SELL,1,102990,102990,15,0.2641256847417984,27.0
2021-11-23,069500.KS,BUY,1,39600,39600,5,0.1018136193713266,9.0
2021-11-23,261240.KS,SELL,3,10515,31545,4,0.1018136193713266,9.0
2021-11-29,069500.KS,SELL,2,38205,76410,11,0.3283533426938226,35.0
2021-11-29,102780.KS,SELL,2,9540,19080,2,0.3283533426938226,35.0
2021-11-29,229200.KS,SELL,2,14695,29390,4,0.3283533426938226,35.0
2021-11-29,261240.KS,BUY,2,10540,21080,3,0.3283533426938226,35.0
2021-11-29,153130.KS,BUY,1,102985,102985,15,0.3283533426938226,35.0
2021-11-30,069500.KS,BUY,1,37430,37430,5,0.275745205268428,28.0
2021-11-30,102780.KS,BUY,1,9335,9335,1,0.275745205268428,28.0
2021-11-30,261240.KS,BUY,3,10495,31485,4,0.275745205268428,28.0
2021-11-30,304660.KS,BUY,2,12785,25570,3,0.275745205268428,28.0
2021-11-30,153130.KS,SELL,1,102995,102995,15,0.275745205268428,28.0
2021-12-01,069500.KS,SELL,1,38330,38330,5,0.1898159241052268,19.0
2021-12-01,102780.KS,SELL,2,9560,19120,2,0.1898159241052268,19.0
2021-12-01,229200.KS,SELL,1,14520,14520,2,0.1898159241052268,19.0
2021-12-01,261240.KS,BUY,2,10415,20830,3,0.1898159241052268,19.0
2021-12-01,304660.KS,BUY,4,12815,51260,7,0.1898159241052268,19.0
2021-12-03,102780.KS,SELL,1,9725,9725,1,0.0525135586149353,4.0
2021-12-03,229200.KS,BUY,1,14760,14760,2,0.0525135586149353,4.0
2021-12-03,261240.KS,SELL,1,10415,10415,1,0.0525135586149353,4.0
2021-12-06,069500.KS,SELL,1,39305,39305,5,0.2678768777905196,27.0
2021-12-06,102780.KS,SELL,1,9815,9815,1,0.2678768777905196,27.0
2021-12-06,229200.KS,SELL,1,14585,14585,2,0.2678768777905196,27.0
2021-12-06,261240.KS,SELL,2,10450,20900,3,0.2678768777905196,27.0
2021-12-06,304660.KS,SELL,1,13060,13060,1,0.2678768777905196,27.0
2021-12-06,153130.KS,BUY,1,103015,103015,15,0.2678768777905196,27.0
2021-12-08,069500.KS,BUY,1,39805,39805,5,0.2681727550536996,28.0
2021-12-08,091160.KS,BUY,1,37400,37400,5,0.2681727550536996,28.0
2021-12-08,102780.KS,BUY,1,9920,9920,1,0.2681727550536996,28.0
2021-12-08,229200.KS,BUY,1,14880,14880,2,0.2681727550536996,28.0
2021-12-08,153130.KS,SELL,1,103025,103025,15,0.2681727550536996,28.0
2021-12-09,069500.KS,BUY,1,39925,39925,5,0.1187483883403096,10.0
2021-12-09,102780.KS,SELL,1,9880,9880,1,0.1187483883403096,10.0
2021-12-09,261240.KS,SELL,1,10370,10370,1,0.1187483883403096,10.0
2021-12-09,304660.KS,SELL,2,12670,25340,3,0.1187483883403096,10.0
2021-12-10,102780.KS,BUY,1,9940,9940,1,0.0532479553203505,3.0
2021-12-10,261240.KS,BUY,1,10425,10425,1,0.0532479553203505,3.0
2021-12-10,304660.KS,SELL,1,12675,12675,1,0.0532479553203505,3.0
2021-12-15,069500.KS,SELL,1,39520,39520,5,0.1289710007888454,12.0
2021-12-15,102780.KS,SELL,1,9855,9855,1,0.1289710007888454,12.0
2021-12-15,261240.KS,BUY,2,10480,20960,3,0.1289710007888454,12.0
2021-12-15,304660.KS,BUY,2,12830,25660,3,0.1289710007888454,12.0
2021-12-21,069500.KS,SELL,1,39415,39415,5,0.1411711883387586,14.0
2021-12-21,229200.KS,SELL,1,14665,14665,2,0.1411711883387586,14.0
2021-12-21,304660.KS,BUY,4,12730,50920,7,0.1411711883387586,14.0
2021-12-22,102780.KS,SELL,1,9740,9740,1,0.2689734705378948,28.0
2021-12-22,229200.KS,SELL,1,14670,14670,2,0.2689734705378948,28.0
2021-12-22,261240.KS,SELL,2,10540,21080,3,0.2689734705378948,28.0
2021-12-22,304660.KS,SELL,4,12705,50820,7,0.2689734705378948,28.0
2021-12-22,153130.KS,BUY,1,103090,103090,15,0.2689734705378948,28.0
2021-12-23,229200.KS,BUY,1,14730,14730,2,0.0663759462740378,6.0
2021-12-23,261240.KS,BUY,1,10495,10495,1,0.0663759462740378,6.0
2021-12-23,304660.KS,SELL,2,12740,25480,3,0.0663759462740378,6.0
2021-12-27,069500.KS,BUY,1,39880,39880,5,0.1295738852375347,12.0
2021-12-27,091160.KS,SELL,1,38575,38575,5,0.1295738852375347,12.0
2021-12-27,102780.KS,BUY,1,9880,9880,1,0.1295738852375347,12.0
2021-12-27,261240.KS,SELL,1,10490,10490,1,0.1295738852375347,12.0
2022-01-07,069500.KS,SELL,1,39465,39465,5,0.1289871614970574,12.0
2022-01-07,091160.KS,BUY,1,38500,38500,5,0.1289871614970574,12.0
2022-01-07,102780.KS,SELL,1,9805,9805,1,0.1289871614970574,12.0
2022-01-07,261240.KS,BUY,1,10610,10610,1,0.1289871614970574,12.0
2022-01-11,069500.KS,SELL,1,39280,39280,5,0.2927386280124012,29.0
2022-01-11,091160.KS,SELL,1,37790,37790,5,0.2927386280124012,29.0
2022-01-11,102780.KS,SELL,1,9705,9705,1,0.2927386280124012,29.0
2022-01-11,229200.KS,SELL,1,13795,13795,2,0.2927386280124012,29.0
2022-01-11,261240.KS,SELL,1,10565,10565,1,0.2927386280124012,29.0
2022-01-11,153130.KS,BUY,1,103120,103120,15,0.2927386280124012,29.0
2022-01-24,069500.KS,BUY,1,37600,37600,5,0.2859555156856019,30.0
2022-01-24,132030.KS,BUY,4,12410,49640,7,0.2859555156856019,30.0
2022-01-24,261240.KS,BUY,2,10570,21140,3,0.2859555156856019,30.0
2022-01-24,153130.KS,SELL,1,103140,103140,15,0.2859555156856019,30.0
2022-01-25,069500.KS,SELL,1,36685,36685,5,0.2847492133999629,28.0
2022-01-25,229200.KS,SELL,1,12790,12790,1,0.2847492133999629,28.0
2022-01-25,132030.KS,SELL,2,12435,24870,3,0.2847492133999629,28.0
2022-01-25,261240.KS,SELL,2,10600,21200,3,0.2847492133999629,28.0
2022-01-25,304660.KS,SELL,1,12150,12150,1,0.2847492133999629,28.0
2022-01-25,153130.KS,BUY,1,103140,103140,15,0.2847492133999629,28.0
2022-01-26,132030.KS,BUY,5,12480,62400,9,0.2770644288521503,30.0
2022-01-26,261240.KS,BUY,4,10590,42360,6,0.2770644288521503,30.0
2022-01-26,153130.KS,SELL,1,103135,103135,15,0.2770644288521503,30.0
2022-01-27,132030.KS,BUY,2,12225,24450,3,0.064867532274582,6.0
2022-01-27,261240.KS,SELL,2,10635,21270,3,0.064867532274582,6.0
2022-01-28,091160.KS,BUY,1,36315,36315,5,0.1248983971992158,12.0
2022-01-28,102780.KS,BUY,1,9055,9055,1,0.1248983971992158,12.0
2022-01-28,132030.KS,SELL,3,12120,36360,5,0.1248983971992158,12.0
2022-01-28,261240.KS,SELL,1,10660,10660,1,0.1248983971992158,12.0
2022-02-03,091160.KS,SELL,1,36375,36375,5,0.2821363590551515,29.0
2022-02-03,132030.KS,SELL,3,12170,36510,5,0.2821363590551515,29.0
2022-02-03,261240.KS,SELL,2,10670,21340,3,0.2821363590551515,29.0
2022-02-03,304660.KS,SELL,1,12150,12150,1,0.2821363590551515,29.0
2022-02-03,153130.KS,BUY,1,103170,103170,15,0.2821363590551515,29.0
2022-02-04,229200.KS,BUY,1,12745,12745,1,0.0647922897972748,5.0
2022-02-04,132030.KS,SELL,2,12185,24370,3,0.0647922897972748,5.0
2022-02-04,261240.KS,BUY,1,10580,10580,1,0.0647922897972748,5.0
2022-02-16,102780.KS,SELL,1,9040,9040,1,0.3453544500738022,36.0
2022-02-16,229200.KS,SELL,1,12375,12375,1,0.3453544500738022,36.0
2022-02-16,132030.KS,BUY,7,12505,87535,13,0.3453544500738022,36.0
2022-02-16,261240.KS,BUY,4,10580,42320,6,0.3453544500738022,36.0
2022-02-16,153130.KS,SELL,1,103215,103215,15,0.3453544500738022,36.0
2022-04-29,132030.KS,BUY,1,12900,12900,1,0.0332813902849299,2.0
2022-04-29,261240.KS,SELL,1,11100,11100,1,0.0332813902849299,2.0
2022-05-19,091160.KS,BUY,1,35085,35085,5,0.1246431053284992,12.0
2022-05-19,102780.KS,BUY,1,8885,8885,1,0.1246431053284992,12.0
2022-05-19,132030.KS,SELL,3,12200,36600,5,0.1246431053284992,12.0
2022-05-19,261240.KS,SELL,1,11290,11290,1,0.1246431053284992,12.0
2022-05-20,091160.KS,SELL,1,35300,35300,5,0.2702772941084747,29.0
2022-05-20,102780.KS,SELL,1,8975,8975,1,0.2702772941084747,29.0
2022-05-20,132030.KS,SELL,3,12435,37305,5,0.2702772941084747,29.0
2022-05-20,261240.KS,SELL,2,11210,22420,3,0.2702772941084747,29.0
2022-05-20,153130.KS,BUY,1,103425,103425,15,0.2702772941084747,29.0
2022-06-20,091160.KS,BUY,1,28790,28790,4,0.0744252658137533,7.0
2022-06-20,132030.KS,SELL,2,12375,24750,3,0.0744252658137533,7.0
2022-06-21,102780.KS,BUY,1,8375,8375,1,0.0318176185706467,2.0
2022-06-21,132030.KS,SELL,1,12325,12325,1,0.0318176185706467,2.0
2022-09-27,069500.KS,BUY,1,29105,29105,4,0.0984700952496419,9.0
2022-09-27,091160.KS,SELL,1,22970,22970,3,0.0984700952496419,9.0
2022-09-27,229200.KS,BUY,1,9880,9880,1,0.0984700952496419,9.0
2022-09-27,261240.KS,SELL,1,12640,12640,1,0.0984700952496419,9.0
2022-12-22,069500.KS,SELL,1,30765,30765,4,0.2170161795218063,22.0
2022-12-22,091160.KS,BUY,1,23480,23480,3,0.2170161795218063,22.0
2022-12-22,102780.KS,SELL,1,8780,8780,1,0.2170161795218063,22.0
2022-12-22,229200.KS,SELL,1,10185,10185,1,0.2170161795218063,22.0
2022-12-22,114260.KS,BUY,1,56650,56650,8,0.2170161795218063,22.0
2022-12-22,261240.KS,SELL,3,11385,34155,5,0.2170161795218063,22.0
2022-12-23,091160.KS,SELL,1,22750,22750,3,0.301064744326715,32.0
2022-12-23,114260.KS,SELL,1,56600,56600,8,0.301064744326715,32.0
2022-12-23,132030.KS,BUY,1,11850,11850,1,0.301064744326715,32.0
2022-12-23,261240.KS,SELL,3,11435,34305,5,0.301064744326715,32.0
2022-12-23,153130.KS,BUY,1,104420,104420,15,0.301064744326715,32.0
2022-12-26,069500.KS,BUY,1,30280,30280,4,0.0884961484548476,9.0
2022-12-26,261240.KS,SELL,3,11385,34155,5,0.0884961484548476,9.0
2022-12-29,069500.KS,SELL,1,29595,29595,4,0.0929179425961488,9.0
2022-12-29,132030.KS,BUY,3,11935,35805,5,0.0929179425961488,9.0
2023-01-02,102780.KS,BUY,1,8460,8460,1,0.029416632616645,2.0
2023-01-02,261240.KS,SELL,1,11375,11375,1,0.029416632616645,2.0
2023-01-03,069500.KS,BUY,1,29420,29420,4,0.2998636160130846,32.0
2023-01-03,091160.KS,BUY,1,22040,22040,3,0.2998636160130846,32.0
2023-01-03,132030.KS,BUY,5,12160,60800,9,0.2998636160130846,32.0
2023-01-03,261240.KS,SELL,1,11360,11360,1,0.2998636160130846,32.0
2023-01-03,153130.KS,SELL,1,104510,104510,15,0.2998636160130846,32.0
2023-01-19,069500.KS,SELL,1,31835,31835,4,0.1451220344380502,15.0
2023-01-19,091160.KS,SELL,1,24260,24260,3,0.1451220344380502,15.0
2023-01-19,114260.KS,BUY,1,57420,57420,8,0.1451220344380502,15.0
2023-01-20,114260.KS,BUY,1,57230,57230,8,0.2681809818347713,29.0
2023-01-20,132030.KS,BUY,3,12700,38100,5,0.2681809818347713,29.0
2023-01-20,261240.KS,BUY,1,11070,11070,1,0.2681809818347713,29.0
2023-01-20,153130.KS,SELL,1,104825,104825,15,0.2681809818347713,29.0
2023-01-25,132030.KS,BUY,1,12710,12710,1,0.0319967373901134,2.0
2023-01-25,261240.KS,SELL,1,11050,11050,1,0.0319967373901134,2.0
2023-01-30,102780.KS,SELL,1,9145,9145,1,0.2639845354597076,29.0
2023-01-30,114260.KS,SELL,1,57380,57380,8,0.2639845354597076,29.0
2023-01-30,132030.KS,SELL,3,12700,38100,5,0.2639845354597076,29.0
2023-01-30,153130.KS,BUY,1,104880,104880,15,0.2639845354597076,29.0
2023-01-31,102780.KS,BUY,1,9085,9085,1,0.2648214957447292,29.0
2023-01-31,114260.KS,BUY,1,57230,57230,8,0.2648214957447292,29.0
2023-01-31,132030.KS,BUY,3,12595,37785,5,0.2648214957447292,29.0
2023-01-31,153130.KS,SELL,1,104895,104895,15,0.2648214957447292,29.0
2023-02-01,102780.KS,SELL,1,9235,9235,1,0.2638063961295319,29.0
2023-02-01,114260.KS,SELL,1,57400,57400,8,0.2638063961295319,29.0
2023-02-01,132030.KS,SELL,3,12680,38040,5,0.2638063961295319,29.0
2023-02-01,153130.KS,BUY,1,104910,104910,15,0.2638063961295319,29.0
2023-02-02,102780.KS,BUY,1,9270,9270,1,0.2635222944768993,29.0
2023-02-02,114260.KS,BUY,1,57450,57450,8,0.2635222944768993,29.0
2023-02-02,132030.KS,BUY,3,12840,38520,5,0.2635222944768993,29.0
2023-02-02,153130.KS,SELL,1,104940,104940,15,0.2635222944768993,29.0
2023-02-03,102780.KS,SELL,1,9265,9265,1,0.2647088492673947,29.0
2023-02-03,114260.KS,SELL,1,57600,57600,8,0.2647088492673947,29.0
2023-02-03,132030.KS,SELL,3,12600,37800,5,0.2647088492673947,29.0
2023-02-03,153130.KS,BUY,1,104965,104965,15,0.2647088492673947,29.0
2023-02-06,102780.KS,BUY,1,9115,9115,1,0.2665686476164358,29.0
2023-02-06,114260.KS,BUY,1,57380,57380,8,0.2665686476164358,29.0
2023-02-06,132030.KS,BUY,3,12350,37050,5,0.2665686476164358,29.0
2023-02-06,153130.KS,SELL,1,104975,104975,15,0.2665686476164358,29.0
2023-02-07,102780.KS,SELL,1,9150,9150,1,0.267038387086107,29.0
2023-02-07,114260.KS,SELL,1,57265,57265,8,0.267038387086107,29.0
2023-02-07,132030.KS,SELL,3,12315,36945,5,0.267038387086107,29.0
2023-02-07,153130.KS,BUY,1,104980,104980,15,0.267038387086107,29.0
2023-02-08,091160.KS,BUY,1,26460,26460,3,0.1456087324566643,14.0
2023-02-08,114260.KS,SELL,1,57280,57280,8,0.1456087324566643,14.0
2023-02-08,132030.KS,BUY,2,12340,24680,3,0.1456087324566643,14.0
2023-02-13,069500.KS,BUY,1,32560,32560,4,0.1067323061838349,9.0
2023-02-13,091160.KS,SELL,1,25945,25945,3,0.1067323061838349,9.0
2023-02-13,102780.KS,BUY,1,9240,9240,1,0.1067323061838349,9.0
2023-02-13,132030.KS,SELL,1,12235,12235,1,0.1067323061838349,9.0
2023-02-14,102780.KS,SELL,1,9300,9300,1,0.0582122705338677,5.0
2023-02-14,132030.KS,SELL,1,12215,12215,1,0.0582122705338677,5.0
2023-02-14,261240.KS,BUY,2,11400,22800,3,0.0582122705338677,5.0
2023-02-15,114260.KS,BUY,1,57095,57095,8,0.1537357978198772,16.0
2023-02-15,132030.KS,SELL,4,12120,48480,7,0.1537357978198772,16.0
2023-02-15,261240.KS,SELL,1,11530,11530,1,0.1537357978198772,16.0
2023-02-16,132030.KS,SELL,1,12045,12045,1,0.0308392263693947,2.0
2023-02-16,261240.KS,BUY,1,11545,11545,1,0.0308392263693947,2.0
2023-02-17,091160.KS,BUY,1,26265,26265,3,0.1794379244547487,17.0
2023-02-17,102780.KS,BUY,1,9220,9220,1,0.1794379244547487,17.0
2023-02-17,229200.KS,BUY,1,11110,11110,1,0.1794379244547487,17.0
2023-02-17,114260.KS,SELL,1,56860,56860,8,0.1794379244547487,17.0
2023-02-17,132030.KS,SELL,1,11970,11970,1,0.1794379244547487,17.0
2023-02-17,261240.KS,BUY,2,11685,23370,3,0.1794379244547487,17.0
2023-02-20,229200.KS,SELL,1,11455,11455,1,0.0602332600132999,5.0
2023-02-20,132030.KS,SELL,1,12095,12095,1,0.0602332600132999,5.0
2023-02-20,261240.KS,BUY,2,11640,23280,3,0.0602332600132999,5.0
2023-02-23,091160.KS,SELL,1,26200,26200,3,0.0904023577652485,9.0
2023-02-23,102780.KS,SELL,1,9075,9075,1,0.0904023577652485,9.0
2023-02-23,261240.KS,BUY,3,11660,34980,5,0.0904023577652485,9.0
2023-02-24,091160.KS,BUY,1,26050,26050,3,0.0952579738056578,8.0
2023-02-24,229200.KS,BUY,1,11145,11145,1,0.0952579738056578,8.0
2023-02-24,132030.KS,SELL,1,11970,11970,1,0.0952579738056578,8.0
2023-02-24,261240.KS,SELL,2,11730,23460,3,0.0952579738056578,8.0
2023-03-08,102780.KS,BUY,1,9155,9155,1,0.0303101491759827,2.0
2023-03-08,261240.KS,SELL,1,11870,11870,1,0.0303101491759827,2.0
2023-03-15,091160.KS,SELL,1,23845,23845,3,0.0922486013797494,8.0
2023-03-15,102780.KS,SELL,1,9055,9055,1,0.0922486013797494,8.0
2023-03-15,132030.KS,BUY,1,12430,12430,1,0.0922486013797494,8.0
2023-03-15,261240.KS,BUY,2,11750,23500,3,0.0922486013797494,8.0
2023-03-16,069500.KS,SELL,1,31220,31220,4,0.2700047142256884,28.0
2023-03-16,229200.KS,SELL,1,11550,11550,1,0.2700047142256884,28.0
2023-03-16,132030.KS,SELL,1,12540,12540,1,0.2700047142256884,28.0
2023-03-16,261240.KS,SELL,4,11815,47260,7,0.2700047142256884,28.0
2023-03-16,153130.KS,BUY,1,105385,105385,15,0.2700047142256884,28.0
2023-03-21,069500.KS,BUY,1,31430,31430,4,0.2695079872204473,28.0
2023-03-21,102780.KS,BUY,1,9040,9040,1,0.2695079872204473,28.0
2023-03-21,132030.KS,BUY,3,12935,38805,5,0.2695079872204473,28.0
2023-03-21,261240.KS,BUY,2,11815,23630,3,0.2695079872204473,28.0
2023-03-21,153130.KS,SELL,1,105445,105445,15,0.2695079872204473,28.0
2023-03-22,091160.KS,BUY,1,25980,25980,3,0.2759224957535605,28.0
2023-03-22,229200.KS,BUY,1,11960,11960,1,0.2759224957535605,28.0
2023-03-22,132030.KS,BUY,2,12700,25400,3,0.2759224957535605,28.0
2023-03-22,261240.KS,BUY,3,11780,35340,5,0.2759224957535605,28.0
2023-03-22,304660.KS,BUY,1,9020,9020,1,0.2759224957535605,28.0
2023-03-22,153130.KS,SELL,1,105455,105455,15,0.2759224957535605,28.0
2023-03-23,069500.KS,SELL,1,31920,31920,4,0.2048315291730917,19.0
2023-03-23,091160.KS,SELL,1,26095,26095,3,0.2048315291730917,19.0
2023-03-23,102780.KS,BUY,1,9180,9180,1,0.2048315291730917,19.0
2023-03-23,114260.KS,BUY,1,57820,57820,8,0.2048315291730917,19.0
2023-03-23,132030.KS,BUY,1,12965,12965,1,0.2048315291730917,19.0
2023-03-23,261240.KS,SELL,1,11540,11540,1,0.2048315291730917,19.0
2023-03-23,304660.KS,SELL,1,9115,9115,1,0.2048315291730917,19.0
2023-03-24,102780.KS,SELL,1,9135,9135,1,0.1125876000459541,7.0
2023-03-24,132030.KS,BUY,1,13000,13000,1,0.1125876000459541,7.0
2023-03-24,261240.KS,SELL,3,11655,34965,5,0.1125876000459541,7.0
2023-03-27,069500.KS,BUY,1,31665,31665,4,0.1043391258287635,6.0
2023-03-27,102780.KS,BUY,1,9110,9110,1,0.1043391258287635,6.0
2023-03-27,261240.KS,SELL,1,11735,11735,1,0.1043391258287635,6.0
2023-03-28,132030.KS,BUY,1,12775,12775,1,0.0327344194412984,2.0
2023-03-28,261240.KS,SELL,1,11715,11715,1,0.0327344194412984,2.0
2023-03-29,069500.KS,BUY,1,32085,32085,4,0.0928653624856156,8.0
2023-03-29,132030.KS,SELL,1,12805,12805,1,0.0928653624856156,8.0
2023-03-29,261240.KS,SELL,2,11755,23510,3,0.0928653624856156,8.0
2023-03-30,229200.KS,BUY,1,12510,12510,1,0.0327664361494526,2.0
2023-03-30,132030.KS,SELL,1,12845,12845,1,0.0327664361494526,2.0
2023-03-31,069500.KS,SELL,1,32690,32690,4,0.0883174248578391,7.0
2023-03-31,102780.KS,BUY,1,9255,9255,1,0.0883174248578391,7.0
2023-03-31,229200.KS,BUY,1,12590,12590,1,0.0883174248578391,7.0
2023-03-31,132030.KS,BUY,1,12945,12945,1,0.0883174248578391,7.0
2023-04-03,069500.KS,BUY,1,32525,32525,4,0.1064575405937868,10.0
2023-04-03,102780.KS,BUY,1,9245,9245,1,0.1064575405937868,10.0
2023-04-03,132030.KS,SELL,3,12765,38295,5,0.1064575405937868,10.0
2023-04-04,102780.KS,BUY,1,9195,9195,1,0.0328322342684698,2.0
2023-04-04,132030.KS,SELL,1,12925,12925,1,0.0328322342684698,2.0
2023-04-06,069500.KS,BUY,2,32275,64550,9,0.2194785816163412,21.0
2023-04-06,102780.KS,BUY,1,9195,9195,1,0.2194785816163412,21.0
2023-04-06,229200.KS,BUY,1,12890,12890,1,0.2194785816163412,21.0
2023-04-06,114260.KS,SELL,1,57850,57850,8,0.2194785816163412,21.0
2023-04-06,132030.KS,SELL,1,13150,13150,1,0.2194785816163412,21.0
2023-04-06,261240.KS,SELL,1,11900,11900,1,0.2194785816163412,21.0
2023-04-07,069500.KS,SELL,1,32825,32825,4,0.1055065416812872,9.0
2023-04-07,102780.KS,SELL,1,9270,9270,1,0.1055065416812872,9.0
2023-04-07,132030.KS,BUY,2,13165,26330,3,0.1055065416812872,9.0
2023-04-07,261240.KS,BUY,1,11885,11885,1,0.1055065416812872,9.0
2023-04-11,069500.KS,BUY,1,33575,33575,5,0.2724632370237031,30.0
2023-04-11,102780.KS,BUY,1,9425,9425,1,0.2724632370237031,30.0
2023-04-11,114260.KS,BUY,1,57855,57855,8,0.2724632370237031,30.0
2023-04-11,304660.KS,BUY,1,9185,9185,1,0.2724632370237031,30.0
2023-04-11,153130.KS,SELL,1,105690,105690,15,0.2724632370237031,30.0
2023-04-12,229200.KS,BUY,1,13600,13600,2,0.0552582639767625,4.0
2023-04-12,132030.KS,SELL,1,13150,13150,1,0.0552582639767625,4.0
2023-04-12,304660.KS,SELL,1,9165,9165,1,0.0552582639767625,4.0
2023-04-13,069500.KS,BUY,1,33745,33745,5,0.1596807374292835,16.0
2023-04-13,102780.KS,BUY,2,9485,18970,2,0.1596807374292835,16.0
2023-04-13,114260.KS,SELL,1,57920,57920,8,0.1596807374292835,16.0
2023-04-13,261240.KS,BUY,1,11865,11865,1,0.1596807374292835,16.0
2023-04-14,069500.KS,SELL,1,33865,33865,5,0.1424982962695068,15.0
2023-04-14,102780.KS,SELL,1,9485,9485,1,0.1424982962695068,15.0
2023-04-14,114260.KS,BUY,1,57920,57920,8,0.1424982962695068,15.0
2023-04-14,132030.KS,SELL,1,13330,13330,1,0.1424982962695068,15.0
2023-04-25,102780.KS,BUY,1,9180,9180,1,0.0329901042380669,2.0
2023-04-25,132030.KS,SELL,1,12995,12995,1,0.0329901042380669,2.0
2023-04-26,102780.KS,SELL,2,9155,18310,2,0.1229005131020181,11.0
2023-04-26,229200.KS,SELL,1,12575,12575,1,0.1229005131020181,11.0
2023-04-26,132030.KS,SELL,1,13005,13005,1,0.1229005131020181,11.0
2023-04-26,261240.KS,BUY,4,12090,48360,7,0.1229005131020181,11.0
2023-04-27,069500.KS,SELL,1,32560,32560,4,0.1766504331053565,17.0
2023-04-27,102780.KS,SELL,1,9045,9045,1,0.1766504331053565,17.0
2023-04-27,229200.KS,SELL,2,12980,25960,3,0.1766504331053565,17.0
2023-04-27,114260.KS,BUY,1,57860,57860,8,0.1766504331053565,17.0
2023-04-27,261240.KS,BUY,1,12110,12110,1,0.1766504331053565,17.0
2023-04-28,069500.KS,SELL,1,32625,32625,4,0.1280080568217958,12.0
2023-04-28,102780.KS,SELL,2,9045,18090,2,0.1280080568217958,12.0
2023-04-28,132030.KS,BUY,2,12935,25870,3,0.1280080568217958,12.0
2023-04-28,261240.KS,BUY,2,12125,24250,3,0.1280080568217958,12.0
2023-05-02,132030.KS,SELL,1,12915,12915,1,0.0325115042643815,2.0
2023-05-02,261240.KS,BUY,1,12150,12150,1,0.0325115042643815,2.0
2023-05-03,102780.KS,BUY,1,9015,9015,1,0.3225195753252458,35.0
2023-05-03,229200.KS,BUY,1,12765,12765,1,0.3225195753252458,35.0
2023-05-03,114260.KS,SELL,2,57825,115650,17,0.3225195753252458,35.0
2023-05-03,261240.KS,SELL,1,12120,12120,1,0.3225195753252458,35.0
2023-05-03,153130.KS,BUY,1,105880,105880,15,0.3225195753252458,35.0
2023-05-04,229200.KS,SELL,1,12860,12860,1,0.0671020461825914,5.0
2023-05-04,132030.KS,BUY,2,13270,26540,3,0.0671020461825914,5.0
2023-05-04,261240.KS,SELL,1,12000,12000,1,0.0671020461825914,5.0
2023-05-08,102780.KS,SELL,1,9095,9095,1,0.2904889773585573,29.0
2023-05-08,229200.KS,BUY,1,12790,12790,1,0.2904889773585573,29.0
2023-05-08,114260.KS,BUY,1,57940,57940,8,0.2904889773585573,29.0
2023-05-08,132030.KS,BUY,2,13150,26300,3,0.2904889773585573,29.0
2023-05-08,261240.KS,BUY,1,11990,11990,1,0.2904889773585573,29.0
2023-05-08,153130.KS,SELL,1,105900,105900,15,0.2904889773585573,29.0
2023-05-09,069500.KS,BUY,1,32870,32870,4,0.1059731956103322,9.0
2023-05-09,102780.KS,BUY,1,9030,9030,1,0.1059731956103322,9.0
2023-05-09,229200.KS,SELL,1,12620,12620,1,0.1059731956103322,9.0
2023-05-09,261240.KS,SELL,2,12015,24030,3,0.1059731956103322,9.0
2023-05-10,069500.KS,SELL,1,32665,32665,4,0.1133248290046638,9.0
2023-05-10,229200.KS,BUY,1,12500,12500,1,0.1133248290046638,9.0
2023-05-10,132030.KS,BUY,2,13190,26380,3,0.1133248290046638,9.0
2023-05-10,261240.KS,SELL,1,12020,12020,1,0.1133248290046638,9.0
2023-05-11,102780.KS,SELL,2,8960,17920,2,0.1473156491940601,14.0
2023-05-11,229200.KS,SELL,1,12300,12300,1,0.1473156491940601,14.0
2023-05-11,114260.KS,BUY,1,58035,58035,8,0.1473156491940601,14.0
2023-05-11,261240.KS,SELL,2,12035,24070,3,0.1473156491940601,14.0
2023-05-12,069500.KS,SELL,1,32420,32420,4,0.3261689291101056,33.0
2023-05-12,229200.KS,SELL,1,12275,12275,1,0.3261689291101056,33.0
2023-05-12,114260.KS,SELL,1,58035,58035,8,0.3261689291101056,33.0
2023-05-12,132030.KS,BUY,1,13055,13055,1,0.3261689291101056,33.0
2023-05-12,261240.KS,SELL,2,12130,24260,3,0.3261689291101056,33.0
2023-05-12,304660.KS,BUY,1,9025,9025,1,0.3261689291101056,33.0
2023-05-12,153130.KS,BUY,1,105940,105940,15,0.3261689291101056,33.0
2023-05-15,069500.KS,SELL,1,32510,32510,4,0.1617097247407347,15.0
2023-05-15,102780.KS,SELL,1,8955,8955,1,0.1617097247407347,15.0
2023-05-15,114260.KS,BUY,1,57880,57880,8,0.1617097247407347,15.0
2023-05-15,132030.KS,SELL,1,13095,13095,1,0.1617097247407347,15.0
2023-05-15,304660.KS,SELL,1,8935,8935,1,0.1617097247407347,15.0
2023-05-16,069500.KS,BUY,1,32600,32600,4,0.1477058774073064,15.0
2023-05-16,114260.KS,SELL,1,57975,57975,8,0.1477058774073064,15.0
2023-05-16,261240.KS,BUY,2,12170,24340,3,0.1477058774073064,15.0
2023-05-17,102780.KS,BUY,1,9020,9020,1,0.054042948511809,3.0
2023-05-17,229200.KS,SELL,1,12640,12640,1,0.054042948511809,3.0
2023-05-17,261240.KS,BUY,1,12155,12155,1,0.054042948511809,3.0
2023-05-19,069500.KS,SELL,1,33485,33485,5,0.1091871030402167,10.0
2023-05-19,102780.KS,SELL,1,9235,9235,1,0.1091871030402167,10.0
2023-05-19,229200.KS,BUY,1,12650,12650,1,0.1091871030402167,10.0
2023-05-19,261240.KS,BUY,2,12065,24130,3,0.1091871030402167,10.0
2023-05-22,069500.KS,BUY,1,33700,33700,5,0.1097953552540813,10.0
2023-05-22,102780.KS,BUY,1,9275,9275,1,0.1097953552540813,10.0
2023-05-22,132030.KS,SELL,2,12815,25630,3,0.1097953552540813,10.0
2023-05-22,261240.KS,SELL,1,11995,11995,1,0.1097953552540813,10.0
2023-05-25,069500.KS,BUY,1,33645,33645,5,0.1251680129033909,12.0
2023-05-25,229200.KS,BUY,1,12775,12775,1,0.1251680129033909,12.0
2023-05-25,132030.KS,SELL,1,12695,12695,1,0.1251680129033909,12.0
2023-05-25,261240.KS,SELL,3,12065,36195,5,0.1251680129033909,12.0
2023-05-26,069500.KS,SELL,1,33760,33760,5,0.0864769603963185,8.0
2023-05-26,102780.KS,BUY,2,9295,18590,2,0.0864769603963185,8.0
2023-05-26,229200.KS,BUY,1,12735,12735,1,0.0864769603963185,8.0
2023-05-30,069500.KS,BUY,2,34215,68430,10,0.1748853137738477,19.0
2023-05-30,102780.KS,SELL,1,9435,9435,1,0.1748853137738477,19.0
2023-05-30,114260.KS,SELL,1,57560,57560,8,0.1748853137738477,19.0
2023-05-31,069500.KS,SELL,1,33970,33970,5,0.1823463994939498,18.0
2023-05-31,102780.KS,BUY,1,9410,9410,1,0.1823463994939498,18.0
2023-05-31,114260.KS,BUY,1,57745,57745,8,0.1823463994939498,18.0
2023-05-31,132030.KS,SELL,2,12725,25450,3,0.1823463994939498,18.0
2023-05-31,261240.KS,SELL,1,12070,12070,1,0.1823463994939498,18.0
2023-06-02,069500.KS,BUY,1,34295,34295,5,0.1672861980941145,16.0
2023-06-02,102780.KS,BUY,1,9425,9425,1,0.1672861980941145,16.0
2023-06-02,229200.KS,BUY,1,13240,13240,1,0.1672861980941145,16.0
2023-06-02,114260.KS,SELL,1,57750,57750,8,0.1672861980941145,16.0
2023-06-02,304660.KS,BUY,1,8835,8835,1,0.1672861980941145,16.0
2023-06-07,102780.KS,BUY,2,9495,18990,2,0.0545624728899846,4.0
2023-06-07,132030.KS,SELL,1,12700,12700,1,0.0545624728899846,4.0
2023-06-07,304660.KS,SELL,1,8810,8810,1,0.0545624728899846,4.0
2023-06-08,229200.KS,BUY,1,13285,13285,1,0.0338171506536879,2.0
2023-06-08,261240.KS,SELL,1,11885,11885,1,0.0338171506536879,2.0
2023-06-12,069500.KS,BUY,1,34505,34505,5,0.2685150287979237,29.0
2023-06-12,114260.KS,BUY,1,57700,57700,8,0.2685150287979237,29.0
2023-06-12,261240.KS,BUY,1,11740,11740,1,0.2685150287979237,29.0
2023-06-12,153130.KS,SELL,1,106155,106155,15,0.2685150287979237,29.0
2023-06-14,229200.KS,BUY,1,13265,13265,1,0.0337749238059106,2.0
2023-06-14,261240.KS,SELL,1,11660,11660,1,0.0337749238059106,2.0
2023-06-16,069500.KS,BUY,1,34545,34545,5,0.1457832240423323,15.0
2023-06-16,102780.KS,BUY,2,9435,18870,2,0.1457832240423323,15.0
2023-06-16,114260.KS,SELL,1,57580,57580,8,0.1457832240423323,15.0
2023-06-22,091160.KS,BUY,1,31590,31590,4,0.1038612271121104,9.0
2023-06-22,102780.KS,SELL,1,9260,9260,1,0.1038612271121104,9.0
2023-06-22,132030.KS,SELL,2,12475,24950,3,0.1038612271121104,9.0
2023-06-22,304660.KS,BUY,1,8825,8825,1,0.1038612271121104,9.0
2023-07-10,102780.KS,SELL,1,9110,9110,1,0.0460151218732894,3.0
2023-07-10,132030.KS,BUY,1,12405,12405,1,0.0460151218732894,3.0
2023-07-10,304660.KS,SELL,1,8460,8460,1,0.0460151218732894,3.0
2023-07-14,091160.KS,BUY,1,33915,33915,5,0.0846831280446849,8.0
2023-07-14,102780.KS,SELL,2,9575,19150,2,0.0846831280446849,8.0
2023-07-14,132030.KS,SELL,1,12620,12620,1,0.0846831280446849,8.0
2023-07-17,102780.KS,SELL,1,9570,9570,1,0.0314258268148758,2.0
2023-07-17,132030.KS,BUY,1,12595,12595,1,0.0314258268148758,2.0
2023-08-17,102780.KS,SELL,1,9125,9125,1,0.0546089715288972,4.0
2023-08-17,132030.KS,SELL,1,12150,12150,1,0.0546089715288972,4.0
2023-08-17,261240.KS,BUY,1,12325,12325,1,0.0546089715288972,4.0
2023-08-17,304660.KS,BUY,1,7995,7995,1,0.0546089715288972,4.0
2023-08-21,102780.KS,SELL,1,9020,9020,1,0.0802245878628293,7.0
2023-08-21,229200.KS,SELL,1,14350,14350,2,0.0802245878628293,7.0
2023-08-21,261240.KS,BUY,2,12365,24730,3,0.0802245878628293,7.0
2023-08-21,304660.KS,SELL,1,7950,7950,1,0.0802245878628293,7.0
2023-08-23,069500.KS,SELL,1,32995,32995,4,0.0866251668093706,8.0
2023-08-23,102780.KS,BUY,1,9060,9060,1,0.0866251668093706,8.0
2023-08-23,261240.KS,BUY,2,12315,24630,3,0.0866251668093706,8.0
2023-09-18,069500.KS,BUY,1,34180,34180,5,0.0873757617898482,9.0
2023-09-18,102780.KS,SELL,1,9130,9130,1,0.0873757617898482,9.0
2023-09-18,261240.KS,SELL,2,12205,24410,3,0.0873757617898482,9.0
2023-09-22,069500.KS,SELL,1,33200,33200,4,0.0877699911092516,8.0
2023-09-22,102780.KS,BUY,1,8875,8875,1,0.0877699911092516,8.0
2023-09-22,261240.KS,BUY,2,12345,24690,3,0.0877699911092516,8.0
2023-09-25,102780.KS,SELL,1,8830,8830,1,0.0324371620307844,2.0
2023-09-25,261240.KS,BUY,1,12345,12345,1,0.0324371620307844,2.0
2023-09-27,069500.KS,SELL,1,32875,32875,4,0.2942904568688412,29.0
2023-09-27,091160.KS,SELL,1,31195,31195,4,0.2942904568688412,29.0
2023-09-27,102780.KS,SELL,1,8725,8725,1,0.2942904568688412,29.0
2023-09-27,229200.KS,SELL,2,13210,26420,3,0.2942904568688412,29.0
2023-09-27,261240.KS,SELL,1,12480,12480,1,0.2942904568688412,29.0
2023-09-27,153130.KS,BUY,1,107225,107225,16,0.2942904568688412,29.0
2023-10-05,069500.KS,SELL,2,32015,64030,9,0.3197918975725835,32.0
2023-10-05,091160.KS,SELL,1,31100,31100,4,0.3197918975725835,32.0
2023-10-05,102780.KS,SELL,1,8535,8535,1,0.3197918975725835,32.0
2023-10-05,229200.KS,SELL,1,12605,12605,1,0.3197918975725835,32.0
2023-10-05,261240.KS,BUY,1,12490,12490,1,0.3197918975725835,32.0
2023-10-05,153130.KS,BUY,1,107250,107250,16,0.3197918975725835,32.0
2023-10-13,069500.KS,BUY,2,32770,65540,9,0.2851230228937875,30.0
2023-10-13,091160.KS,BUY,1,32425,32425,4,0.2851230228937875,30.0
2023-10-13,102780.KS,BUY,1,8780,8780,1,0.2851230228937875,30.0
2023-10-13,153130.KS,SELL,1,107330,107330,16,0.2851230228937875,30.0
2023-10-16,102780.KS,SELL,1,8700,8700,1,0.0341476018101958,2.0
2023-10-16,229200.KS,BUY,1,12820,12820,1,0.0341476018101958,2.0
2023-10-19,229200.KS,BUY,1,12385,12385,1,0.0336140513946425,2.0
2023-10-19,261240.KS,SELL,1,12585,12585,1,0.0336140513946425,2.0
2023-10-20,091160.KS,BUY,1,31580,31580,4,0.2892380606158528,29.0
2023-10-20,102780.KS,BUY,1,8595,8595,1,0.2892380606158528,29.0
2023-10-20,132030.KS,BUY,2,12605,25210,3,0.2892380606158528,29.0
2023-10-20,261240.KS,BUY,3,12530,37590,5,0.2892380606158528,29.0
2023-10-20,153130.KS,SELL,1,107410,107410,16,0.2892380606158528,29.0
2023-10-23,091160.KS,SELL,1,31240,31240,4,0.1401212429155597,12.0
2023-10-23,102780.KS,SELL,1,8515,8515,1,0.1401212429155597,12.0
2023-10-23,229200.KS,SELL,1,12090,12090,1,0.1401212429155597,12.0
2023-10-23,132030.KS,BUY,2,12610,25220,3,0.1401212429155597,12.0
2023-10-23,261240.KS,BUY,2,12540,25080,3,0.1401212429155597,12.0
2023-10-25,132030.KS,BUY,2,12590,25180,3,0.0679275619184815,6.0
2023-10-25,261240.KS,SELL,2,12510,25020,3,0.0679275619184815,6.0
2023-10-27,069500.KS,SELL,1,31055,31055,4,0.1257790507231171,10.0
2023-10-27,102780.KS,BUY,1,8340,8340,1,0.1257790507231171,10.0
2023-10-27,229200.KS,SELL,1,11740,11740,1,0.1257790507231171,10.0
2023-10-27,132030.KS,BUY,1,12675,12675,1,0.1257790507231171,10.0
2023-10-27,261240.KS,BUY,2,12570,25140,3,0.1257790507231171,10.0
2023-10-30,069500.KS,SELL,1,31040,31040,4,0.2924631512486121,28.0
2023-10-30,091160.KS,SELL,1,30695,30695,4,0.2924631512486121,28.0
2023-10-30,102780.KS,SELL,1,8330,8330,1,0.2924631512486121,28.0
2023-10-30,229200.KS,SELL,1,11875,11875,1,0.2924631512486121,28.0
2023-10-30,132030.KS,SELL,1,12740,12740,1,0.2924631512486121,28.0
2023-10-30,261240.KS,SELL,1,12530,12530,1,0.2924631512486121,28.0
2023-10-30,153130.KS,BUY,1,107465,107465,16,0.2924631512486121,28.0
2023-11-03,091160.KS,BUY,1,32050,32050,4,0.1080589337747438,9.0
2023-11-03,132030.KS,SELL,2,12655,25310,3,0.1080589337747438,9.0
2023-11-03,261240.KS,SELL,1,12275,12275,1,0.1080589337747438,9.0
2023-11-03,304660.KS,BUY,1,7445,7445,1,0.1080589337747438,9.0
2023-11-06,091160.KS,SELL,1,33430,33430,5,0.3092426522109905,32.0
2023-11-06,132030.KS,SELL,1,12640,12640,1,0.3092426522109905,32.0
2023-11-06,261240.KS,SELL,5,12065,60325,9,0.3092426522109905,32.0
2023-11-06,304660.KS,SELL,1,7470,7470,1,0.3092426522109905,32.0
2023-11-06,153130.KS,BUY,1,107555,107555,16,0.3092426522109905,32.0
2023-11-07,091160.KS,BUY,1,33430,33430,5,0.114527431254923,10.0
2023-11-07,102780.KS,BUY,1,8590,8590,1,0.114527431254923,10.0
2023-11-07,132030.KS,SELL,1,12540,12540,1,0.114527431254923,10.0
2023-11-07,261240.KS,SELL,2,12160,24320,3,0.114527431254923,10.0
2023-11-08,069500.KS,BUY,1,32505,32505,4,0.1249644482366325,10.0
2023-11-08,102780.KS,SELL,1,8485,8485,1,0.1249644482366325,10.0
2023-11-08,229200.KS,BUY,1,12875,12875,1,0.1249644482366325,10.0
2023-11-08,132030.KS,SELL,2,12520,25040,3,0.1249644482366325,10.0
2023-11-08,261240.KS,SELL,1,12170,12170,1,0.1249644482366325,10.0
2023-11-13,229200.KS,BUY,1,12290,12290,1,0.033775345233161,2.0
2023-11-13,261240.KS,SELL,1,12305,12305,1,0.033775345233161,2.0
2023-11-16,069500.KS,BUY,1,33470,33470,5,0.2915150826133091,30.0
2023-11-16,091160.KS,BUY,1,34170,34170,5,0.2915150826133091,30.0
2023-11-16,132030.KS,BUY,2,12480,24960,3,0.2915150826133091,30.0
2023-11-16,261240.KS,BUY,1,12095,12095,1,0.2915150826133091,30.0
2023-11-16,153130.KS,SELL,1,107695,107695,16,0.2915150826133091,30.0
2023-11-17,229200.KS,BUY,1,12540,12540,1,0.0341988720753108,2.0
2023-11-17,132030.KS,SELL,1,12595,12595,1,0.0341988720753108,2.0
2023-11-20,091160.KS,SELL,1,34240,34240,5,0.0923932108259801,9.0
2023-11-20,102780.KS,BUY,1,8740,8740,1,0.0923932108259801,9.0
2023-11-20,132030.KS,BUY,2,12585,25170,3,0.0923932108259801,9.0
2023-11-21,102780.KS,SELL,1,8760,8760,1,0.0346572380308656,2.0
2023-11-21,229200.KS,BUY,1,12870,12870,1,0.0346572380308656,2.0
2023-12-06,091160.KS,BUY,1,33580,33580,5,0.2902418301005071,30.0
2023-12-06,114260.KS,BUY,1,58760,58760,8,0.2902418301005071,30.0
2023-12-06,132030.KS,BUY,1,12850,12850,1,0.2902418301005071,30.0
2023-12-06,153130.KS,SELL,1,107945,107945,16,0.2902418301005071,30.0
2023-12-08,091160.KS,SELL,1,34045,34045,5,0.2879338939936112,30.0
2023-12-08,229200.KS,SELL,1,13230,13230,1,0.2879338939936112,30.0
2023-12-08,114260.KS,SELL,1,58715,58715,8,0.2879338939936112,30.0
2023-12-08,153130.KS,BUY,1,107985,107985,16,0.2879338939936112,30.0
2023-12-12,091160.KS,BUY,1,34720,34720,5,0.099739474531573,9.0
2023-12-12,132030.KS,SELL,2,12605,25210,3,0.099739474531573,9.0
2023-12-12,261240.KS,SELL,1,12270,12270,1,0.099739474531573,9.0
2023-12-14,091160.KS,SELL,1,35315,35315,5,0.162893655261732,16.0
2023-12-14,229200.KS,SELL,1,13410,13410,2,0.162893655261732,16.0
2023-12-14,114260.KS,BUY,1,58995,58995,8,0.162893655261732,16.0
2023-12-14,132030.KS,SELL,1,12905,12905,1,0.162893655261732,16.0
2023-12-15,069500.KS,SELL,1,34365,34365,5,0.1014642749647528,9.0
2023-12-15,229200.KS,BUY,1,13425,13425,2,0.1014642749647528,9.0
2023-12-15,132030.KS,BUY,1,12910,12910,1,0.1014642749647528,9.0
2023-12-15,261240.KS,BUY,1,12095,12095,1,0.1014642749647528,9.0
2023-12-18,069500.KS,BUY,1,34475,34475,5,0.1872746888403547,19.0
2023-12-18,091160.KS,BUY,1,35370,35370,5,0.1872746888403547,19.0
2023-12-18,114260.KS,SELL,1,59055,59055,8,0.1872746888403547,19.0
2023-12-18,261240.KS,SELL,1,12115,12115,1,0.1872746888403547,19.0
2023-12-19,069500.KS,BUY,1,34505,34505,5,0.2839205348093455,30.0
2023-12-19,114260.KS,BUY,1,59010,59010,8,0.2839205348093455,30.0
2023-12-19,261240.KS,BUY,1,12200,12200,1,0.2839205348093455,30.0
2023-12-19,153130.KS,SELL,1,108130,108130,16,0.2839205348093455,30.0
2023-12-28,229200.KS,BUY,1,13940,13940,2,0.0356539064558124,3.0
2023-12-28,261240.KS,SELL,1,12065,12065,1,0.0356539064558124,3.0
2024-01-19,069500.KS,SELL,1,33570,33570,5,0.2594168476354454,25.0
2024-01-19,091160.KS,SELL,1,35635,35635,5,0.2594168476354454,25.0
2024-01-19,229200.KS,SELL,1,13075,13075,1,0.2594168476354454,25.0
2024-01-19,114260.KS,BUY,1,59155,59155,8,0.2594168476354454,25.0
2024-01-19,132030.KS,SELL,1,12755,12755,1,0.2594168476354454,25.0
2024-01-19,261240.KS,BUY,3,12575,37725,5,0.2594168476354454,25.0
2024-01-23,091160.KS,BUY,1,36230,36230,5,0.1583761828746226,15.0
2024-01-23,102780.KS,BUY,1,8560,8560,1,0.1583761828746226,15.0
2024-01-23,114260.KS,SELL,1,59230,59230,8,0.1583761828746226,15.0
2024-01-23,261240.KS,BUY,1,12515,12515,1,0.1583761828746226,15.0
2024-02-02,102780.KS,SELL,1,9165,9165,1,0.2883436234199895,29.0
2024-02-02,114260.KS,SELL,1,59360,59360,8,0.2883436234199895,29.0
2024-02-02,132030.KS,SELL,1,12935,12935,1,0.2883436234199895,29.0
2024-02-02,261240.KS,SELL,2,12435,24870,3,0.2883436234199895,29.0
2024-02-02,153130.KS,BUY,1,108630,108630,16,0.2883436234199895,29.0
2024-02-05,091160.KS,SELL,1,33935,33935,5,0.1587171889818203,15.0
2024-02-05,114260.KS,BUY,1,59245,59245,8,0.1587171889818203,15.0
2024-02-05,132030.KS,SELL,1,12780,12780,1,0.1587171889818203,15.0
2024-02-05,261240.KS,SELL,1,12510,12510,1,0.1587171889818203,15.0
2024-02-06,069500.KS,BUY,1,34955,34955,5,0.1615516673406913,15.0
2024-02-06,229200.KS,BUY,1,12610,12610,1,0.1615516673406913,15.0
2024-02-06,114260.KS,SELL,1,59310,59310,8,0.1615516673406913,15.0
2024-02-06,132030.KS,BUY,1,12755,12755,1,0.1615516673406913,15.0
2024-02-08,091160.KS,BUY,1,35340,35340,5,0.2872193405013754,30.0
2024-02-08,114260.KS,BUY,1,59290,59290,8,0.2872193405013754,30.0
2024-02-08,261240.KS,BUY,1,12490,12490,1,0.2872193405013754,30.0
2024-02-08,153130.KS,SELL,1,108695,108695,16,0.2872193405013754,30.0
2024-02-14,229200.KS,BUY,1,13400,13400,2,0.0350300238674714,3.0
2024-02-14,261240.KS,SELL,1,12575,12575,1,0.0350300238674714,3.0
2024-04-18,069500.KS,SELL,1,36405,36405,5,0.1246366925677679,13.0
2024-04-18,102780.KS,BUY,1,9345,9345,1,0.1246366925677679,13.0
2024-04-18,229200.KS,SELL,1,14025,14025,2,0.1246366925677679,13.0
2024-04-18,132030.KS,BUY,1,14855,14855,2,0.1246366925677679,13.0
2024-04-18,261240.KS,BUY,2,13035,26070,3,0.1246366925677679,13.0
2024-04-25,069500.KS,BUY,1,36190,36190,5,0.0925900414043929,9.0
2024-04-25,102780.KS,SELL,1,9430,9430,1,0.0925900414043929,9.0
2024-04-25,132030.KS,SELL,1,14470,14470,2,0.0925900414043929,9.0
2024-04-25,261240.KS,SELL,1,13065,13065,1,0.0925900414043929,9.0
2024-04-29,229200.KS,BUY,1,14395,14395,2,0.0355139218521022,3.0
2024-04-29,261240.KS,SELL,1,13090,13090,1,0.0355139218521022,3.0
2024-06-04,069500.KS,BUY,1,36390,36390,5,0.2250169087129162,23.0
2024-06-04,102780.KS,BUY,2,9085,18170,2,0.2250169087129162,23.0
2024-06-04,229200.KS,SELL,2,13535,27070,4,0.2250169087129162,23.0
2024-06-04,114260.KS,SELL,1,59735,59735,8,0.2250169087129162,23.0
2024-06-04,132030.KS,BUY,1,14600,14600,2,0.2250169087129162,23.0
2024-06-04,261240.KS,BUY,1,13150,13150,1,0.2250169087129162,23.0
2024-06-04,304660.KS,BUY,1,7850,7850,1,0.2250169087129162,23.0
2024-06-05,069500.KS,SELL,1,36755,36755,5,0.1932957192094111,20.0
2024-06-05,102780.KS,BUY,2,9190,18380,2,0.1932957192094111,20.0
2024-06-05,229200.KS,SELL,1,13735,13735,2,0.1932957192094111,20.0
2024-06-05,114260.KS,BUY,1,59800,59800,8,0.1932957192094111,20.0
2024-06-05,132030.KS,SELL,1,14490,14490,2,0.1932957192094111,20.0
2024-06-05,261240.KS,SELL,1,13135,13135,1,0.1932957192094111,20.0
2024-06-11,069500.KS,BUY,1,36950,36950,5,0.2026404893032437,21.0
2024-06-11,102780.KS,BUY,2,9055,18110,2,0.2026404893032437,21.0
2024-06-11,229200.KS,SELL,1,14085,14085,2,0.2026404893032437,21.0
2024-06-11,114260.KS,SELL,1,59795,59795,8,0.2026404893032437,21.0
2024-06-11,132030.KS,BUY,1,14295,14295,2,0.2026404893032437,21.0
2024-06-11,261240.KS,BUY,1,13175,13175,1,0.2026404893032437,21.0
2024-06-11,304660.KS,SELL,1,7830,7830,1,0.2026404893032437,21.0
2024-07-26,069500.KS,SELL,1,37630,37630,5,0.0927139590806954,10.0
2024-07-26,132030.KS,BUY,1,14620,14620,2,0.0927139590806954,10.0
2024-07-26,261240.KS,BUY,1,13340,13340,2,0.0927139590806954,10.0
2024-07-26,304660.KS,BUY,1,7935,7935,1,0.0927139590806954,10.0
2024-08-05,069500.KS,SELL,1,33260,33260,4,0.2478659646491814,23.0
2024-08-05,091160.KS,SELL,1,31850,31850,4,0.2478659646491814,23.0
2024-08-05,102780.KS,SELL,2,8765,17530,2,0.2478659646491814,23.0
2024-08-05,114260.KS,BUY,1,61030,61030,9,0.2478659646491814,23.0
2024-08-05,132030.KS,BUY,1,14965,14965,2,0.2478659646491814,23.0
2024-08-05,261240.KS,BUY,1,13245,13245,1,0.2478659646491814,23.0
2024-08-05,304660.KS,SELL,1,8595,8595,1,0.2478659646491814,23.0
2024-08-06,069500.KS,SELL,1,34180,34180,5,0.375709636617918,39.0
2024-08-06,102780.KS,SELL,2,8985,17970,2,0.375709636617918,39.0
2024-08-06,229200.KS,SELL,2,12310,24620,3,0.375709636617918,39.0
2024-08-06,114260.KS,SELL,1,60750,60750,9,0.375709636617918,39.0
2024-08-06,132030.KS,BUY,5,14840,74200,11,0.375709636617918,39.0
2024-08-06,261240.KS,BUY,5,13260,66300,9,0.375709636617918,39.0
2024-08-07,069500.KS,SELL,2,34960,69920,10,0.300814953668621,32.0
2024-08-07,091160.KS,SELL,1,34035,34035,5,0.300814953668621,32.0
2024-08-07,102780.KS,SELL,1,9180,9180,1,0.300814953668621,32.0
2024-08-07,153130.KS,BUY,1,110545,110545,16,0.300814953668621,32.0
2024-08-09,132030.KS,SELL,1,14905,14905,2,0.0396011456567599,3.0
2024-08-09,261240.KS,BUY,1,13170,13170,1,0.0396011456567599,3.0
2024-08-13,069500.KS,BUY,2,35700,71400,10,0.3043971406715728,32.0
2024-08-13,091160.KS,BUY,1,35670,35670,5,0.3043971406715728,32.0
2024-08-13,304660.KS,BUY,1,8330,8330,1,0.3043971406715728,32.0
2024-08-13,153130.KS,SELL,1,110615,110615,16,0.3043971406715728,32.0
2024-08-14,102780.KS,BUY,2,9230,18460,2,0.0566306413489226,4.0
2024-08-14,261240.KS,SELL,1,13130,13130,1,0.0566306413489226,4.0
2024-08-14,304660.KS,SELL,1,8385,8385,1,0.0566306413489226,4.0
2024-08-19,069500.KS,SELL,1,36565,36565,5,0.3144831310173814,32.0
2024-08-19,091160.KS,SELL,1,37320,37320,5,0.3144831310173814,32.0
2024-08-19,102780.KS,BUY,1,9305,9305,1,0.3144831310173814,32.0
2024-08-19,132030.KS,SELL,2,15420,30840,4,0.3144831310173814,32.0
2024-08-19,261240.KS,SELL,1,12880,12880,1,0.3144831310173814,32.0
2024-08-19,153130.KS,BUY,1,110670,110670,16,0.3144831310173814,32.0
2024-08-20,102780.KS,SELL,1,9400,9400,1,0.0582899690498054,4.0
2024-08-20,132030.KS,BUY,1,15420,15420,2,0.0582899690498054,4.0
2024-08-20,261240.KS,SELL,1,12880,12880,1,0.0582899690498054,4.0
2024-08-21,069500.KS,BUY,1,36880,36880,5,0.3774411846039059,39.0
2024-08-21,091160.KS,BUY,1,37470,37470,5,0.3774411846039059,39.0
2024-08-21,102780.KS,BUY,1,9500,9500,1,0.3774411846039059,39.0
2024-08-21,114260.KS,BUY,1,60830,60830,9,0.3774411846039059,39.0
2024-08-21,261240.KS,SELL,2,12910,25820,3,0.3774411846039059,39.0
2024-08-21,153130.KS,SELL,1,110690,110690,16,0.3774411846039059,39.0
2024-08-22,102780.KS,BUY,1,9515,9515,1,0.0674608570143602,6.0
2024-08-22,132030.KS,BUY,1,15440,15440,2,0.0674608570143602,6.0
2024-08-22,261240.KS,SELL,2,12900,25800,3,0.0674608570143602,6.0
2024-08-29,069500.KS,BUY,1,36110,36110,5,0.1000362229748845,9.0
2024-08-29,102780.KS,SELL,1,9440,9440,1,0.1000362229748845,9.0
2024-08-29,132030.KS,SELL,1,15500,15500,2,0.1000362229748845,9.0
2024-08-29,261240.KS,SELL,1,12895,12895,1,0.1000362229748845,9.0
2024-08-30,132030.KS,BUY,1,15490,15490,2,0.0408083692722727,3.0
2024-08-30,261240.KS,SELL,1,12910,12910,1,0.0408083692722727,3.0
2024-09-05,069500.KS,SELL,2,34650,69300,10,0.3231977201629845,33.0
2024-09-05,091160.KS,SELL,1,31645,31645,4,0.3231977201629845,33.0
2024-09-05,102780.KS,SELL,2,9295,18590,2,0.3231977201629845,33.0
2024-09-05,304660.KS,BUY,1,8495,8495,1,0.3231977201629845,33.0
2024-09-05,153130.KS,BUY,1,110860,110860,16,0.3231977201629845,33.0
2024-09-09,069500.KS,SELL,1,34110,34110,5,0.1655646237427062,17.0
2024-09-09,102780.KS,SELL,2,9090,18180,2,0.1655646237427062,17.0
2024-09-09,114260.KS,BUY,1,60920,60920,9,0.1655646237427062,17.0
2024-09-09,304660.KS,SELL,1,8515,8515,1,0.1655646237427062,17.0
2024-09-12,069500.KS,BUY,1,34415,34415,5,0.1649402024167795,17.0
2024-09-12,102780.KS,BUY,1,9185,9185,1,0.1649402024167795,17.0
2024-09-12,114260.KS,SELL,1,61000,61000,9,0.1649402024167795,17.0
2024-09-12,304660.KS,BUY,2,8620,17240,2,0.1649402024167795,17.0
2024-09-13,069500.KS,SELL,1,34490,34490,5,0.1752651278014073,17.0
2024-09-13,102780.KS,SELL,1,9215,9215,1,0.1752651278014073,17.0
2024-09-13,114260.KS,BUY,1,61075,61075,9,0.1752651278014073,17.0
2024-09-13,261240.KS,SELL,1,12880,12880,1,0.1752651278014073,17.0
2024-09-13,304660.KS,SELL,1,8645,8645,1,0.1752651278014073,17.0
2024-11-08,069500.KS,BUY,1,34080,34080,5,0.1621261965289724,18.0
2024-11-08,114260.KS,SELL,1,61160,61160,9,0.1621261965289724,18.0
2024-11-08,261240.KS,BUY,2,13535,27070,4,0.1621261965289724,18.0
2024-11-11,069500.KS,SELL,1,33530,33530,5,0.1896696565768275,20.0
2024-11-11,102780.KS,BUY,1,8310,8310,1,0.1896696565768275,20.0
2024-11-11,114260.KS,BUY,1,61160,61160,9,0.1896696565768275,20.0
2024-11-11,132030.KS,SELL,1,16310,16310,2,0.1896696565768275,20.0
2024-11-11,261240.KS,SELL,1,13615,13615,2,0.1896696565768275,20.0
2024-11-11,304660.KS,SELL,1,7890,7890,1,0.1896696565768275,20.0
2024-11-12,069500.KS,BUY,1,32830,32830,4,0.1672741979114495,17.0
2024-11-12,114260.KS,SELL,1,61195,61195,9,0.1672741979114495,17.0
2024-11-12,132030.KS,BUY,1,15915,15915,2,0.1672741979114495,17.0
2024-11-12,261240.KS,BUY,1,13710,13710,2,0.1672741979114495,17.0
2024-11-13,102780.KS,SELL,1,7880,7880,1,0.0738556804102376,7.0
2024-11-13,132030.KS,SELL,1,15895,15895,2,0.0738556804102376,7.0
2024-11-13,261240.KS,BUY,2,13740,27480,4,0.0738556804102376,7.0
2024-11-14,069500.KS,SELL,1,31855,31855,4,0.2516374363970986,25.0
2024-11-14,102780.KS,BUY,1,7895,7895,1,0.2516374363970986,25.0
2024-11-14,114260.KS,SELL,1,61120,61120,9,0.2516374363970986,25.0
2024-11-14,132030.KS,BUY,2,15575,31150,4,0.2516374363970986,25.0
2024-11-14,261240.KS,BUY,3,13680,41040,6,0.2516374363970986,25.0
2024-11-14,304660.KS,BUY,1,7705,7705,1,0.2516374363970986,25.0
2024-11-15,102780.KS,SELL,1,7955,7955,1,0.0369784269966862,3.0
2024-11-15,261240.KS,BUY,1,13670,13670,2,0.0369784269966862,3.0
2024-11-20,091160.KS,BUY,1,28455,28455,4,0.0936812398995516,9.0
2024-11-20,261240.KS,SELL,2,13595,27190,4,0.0936812398995516,9.0
2024-11-20,304660.KS,SELL,1,7765,7765,1,0.0936812398995516,9.0
2024-11-21,091160.KS,SELL,1,28485,28485,4,0.0935181038894575,9.0
2024-11-21,261240.KS,BUY,2,13665,27330,4,0.0935181038894575,9.0
2024-11-21,304660.KS,BUY,1,7755,7755,1,0.0935181038894575,9.0
2025-02-18,069500.KS,BUY,1,34870,34870,5,0.10039628773138,10.0
2025-02-18,132030.KS,SELL,1,17565,17565,2,0.10039628773138,10.0
2025-02-18,261240.KS,SELL,1,14250,14250,2,0.10039628773138,10.0
2025-02-18,304660.KS,SELL,1,7605,7605,1,0.10039628773138,10.0
2025-02-19,069500.KS,SELL,1,35580,35580,5,0.0902692856091781,9.0
2025-02-19,229200.KS,BUY,1,13140,13140,1,0.0902692856091781,9.0
2025-02-19,261240.KS,BUY,1,14200,14200,2,0.0902692856091781,9.0
2025-02-19,304660.KS,BUY,1,7555,7555,1,0.0902692856091781,9.0
2025-02-20,069500.KS,BUY,1,35270,35270,5,0.1812638651201115,20.0
2025-02-20,091160.KS,BUY,1,35465,35465,5,0.1812638651201115,20.0
2025-02-20,132030.KS,SELL,2,17760,35520,5,0.1812638651201115,20.0
2025-02-20,261240.KS,SELL,2,14200,28400,4,0.1812638651201115,20.0
2025-02-20,304660.KS,SELL,1,7575,7575,1,0.1812638651201115,20.0
2025-02-21,114260.KS,BUY,1,62010,62010,9,0.1768134715025906,19.0
2025-02-21,132030.KS,SELL,2,17670,35340,5,0.1768134715025906,19.0
2025-02-21,261240.KS,SELL,2,14155,28310,4,0.1768134715025906,19.0
2025-02-21,304660.KS,BUY,1,7605,7605,1,0.1768134715025906,19.0
2025-02-24,091160.KS,SELL,1,34610,34610,5,0.3270064482296008,35.0
2025-02-24,229200.KS,BUY,1,13160,13160,1,0.3270064482296008,35.0
2025-02-24,114260.KS,SELL,1,62020,62020,9,0.3270064482296008,35.0
2025-02-24,132030.KS,SELL,1,17730,17730,2,0.3270064482296008,35.0
2025-02-24,261240.KS,SELL,1,14095,14095,2,0.3270064482296008,35.0
2025-02-24,153130.KS,BUY,1,112460,112460,16,0.3270064482296008,35.0
2025-02-25,091160.KS,BUY,1,34290,34290,5,0.2905552045973264,32.0
2025-02-25,114260.KS,BUY,1,62065,62065,9,0.2905552045973264,32.0
2025-02-25,132030.KS,BUY,1,17710,17710,2,0.2905552045973264,32.0
2025-02-25,153130.KS,SELL,1,112470,112470,16,0.2905552045973264,32.0
2025-02-26,069500.KS,BUY,1,35080,35080,5,0.1781233424456322,19.0
2025-02-26,114260.KS,SELL,1,62050,62050,9,0.1781233424456322,19.0
2025-02-26,132030.KS,BUY,1,17550,17550,2,0.1781233424456322,19.0
2025-02-26,261240.KS,BUY,1,14145,14145,2,0.1781233424456322,19.0
2025-02-26,304660.KS,SELL,1,7800,7800,1,0.1781233424456322,19.0
2025-02-27,069500.KS,BUY,1,34940,34940,5,0.2874589608962812,31.0
2025-02-27,229200.KS,BUY,1,13185,13185,1,0.2874589608962812,31.0
2025-02-27,114260.KS,BUY,1,62095,62095,9,0.2874589608962812,31.0
2025-02-27,153130.KS,SELL,1,112510,112510,16,0.2874589608962812,31.0
2025-02-28,229200.KS,BUY,1,12635,12635,1,0.161473507481112,17.0
2025-02-28,114260.KS,SELL,1,62130,62130,9,0.161473507481112,17.0
2025-02-28,132030.KS,BUY,2,17280,34560,5,0.161473507481112,17.0
2025-02-28,261240.KS,BUY,1,14445,14445,2,0.161473507481112,17.0
2025-03-04,069500.KS,SELL,2,33695,67390,10,0.3675757725407226,39.0
2025-03-04,091160.KS,SELL,1,31820,31820,4,0.3675757725407226,39.0
2025-03-04,229200.KS,SELL,3,12575,37725,5,0.3675757725407226,39.0
2025-03-04,261240.KS,BUY,2,14450,28900,4,0.3675757725407226,39.0
2025-03-04,153130.KS,BUY,1,112520,112520,16,0.3675757725407226,39.0
2025-03-24,091160.KS,BUY,1,34555,34555,5,0.1204532190941224,12.0
2025-03-24,229200.KS,BUY,1,12000,12000,1,0.1204532190941224,12.0
2025-03-24,132030.KS,SELL,1,18175,18175,2,0.1204532190941224,12.0
2025-03-24,261240.KS,SELL,2,14545,29090,4,0.1204532190941224,12.0
2025-03-27,069500.KS,BUY,1,35415,35415,5,0.0906552056028833,9.0
2025-03-27,132030.KS,SELL,1,18235,18235,2,0.0906552056028833,9.0
2025-03-27,261240.KS,SELL,1,14525,14525,2,0.0906552056028833,9.0
2025-03-31,069500.KS,SELL,1,33865,33865,5,0.1674197734475574,17.0
2025-03-31,091160.KS,SELL,1,30900,30900,4,0.1674197734475574,17.0
2025-03-31,132030.KS,BUY,1,18750,18750,2,0.1674197734475574,17.0
2025-03-31,261240.KS,BUY,3,14590,43770,6,0.1674197734475574,17.0
2025-04-01,229200.KS,SELL,2,11490,22980,3,0.0591749497862697,5.0
2025-04-01,132030.KS,BUY,1,18820,18820,2,0.0591749497862697,5.0
2025-04-10,069500.KS,SELL,1,32920,32920,4,0.0949278371923995,9.0
2025-04-10,261240.KS,BUY,2,14460,28920,4,0.0949278371923995,9.0
2025-04-10,304660.KS,BUY,1,7650,7650,1,0.0949278371923995,9.0
2025-04-18,132030.KS,BUY,1,19950,19950,2,0.0554481622967838,5.0
2025-04-18,261240.KS,SELL,1,14135,14135,2,0.0554481622967838,5.0
2025-04-18,304660.KS,SELL,1,7550,7550,1,0.0554481622967838,5.0
2025-04-21,091160.KS,BUY,1,29670,29670,4,0.0945599710964275,10.0
2025-04-21,132030.KS,SELL,1,20235,20235,3,0.0945599710964275,10.0
2025-04-21,261240.KS,SELL,1,14090,14090,2,0.0945599710964275,10.0
2025-04-21,304660.KS,BUY,1,7495,7495,1,0.0945599710964275,10.0
2025-04-22,091160.KS,SELL,1,29330,29330,4,0.1637340229520014,18.0
2025-04-22,114260.KS,BUY,1,62745,62745,9,0.1637340229520014,18.0
2025-04-22,261240.KS,SELL,2,14105,28210,4,0.1637340229520014,18.0
2025-04-22,304660.KS,SELL,1,7420,7420,1,0.1637340229520014,18.0
2025-04-23,102780.KS,BUY,1,8310,8310,1,0.0406752188921773,4.0
2025-04-23,261240.KS,SELL,1,14125,14125,2,0.0406752188921773,4.0
2025-04-23,304660.KS,BUY,1,7550,7550,1,0.0406752188921773,4.0
2025-04-24,102780.KS,SELL,1,8260,8260,1,0.0577045282167968,5.0
2025-04-24,132030.KS,BUY,1,19800,19800,2,0.0577045282167968,5.0
2025-04-24,261240.KS,SELL,1,14260,14260,2,0.0577045282167968,5.0
2025-04-25,102780.KS,BUY,1,8280,8280,1,0.0579497623199422,5.0
2025-04-25,132030.KS,SELL,1,19660,19660,2,0.0579497623199422,5.0
2025-04-25,261240.KS,BUY,1,14285,14285,2,0.0579497623199422,5.0
2025-04-28,102780.KS,SELL,1,8305,8305,1,0.0410179117967257,4.0
2025-04-28,261240.KS,BUY,1,14340,14340,2,0.0410179117967257,4.0
2025-04-28,304660.KS,SELL,1,7670,7670,1,0.0410179117967257,4.0
2025-04-29,132030.KS,SELL,1,19830,19830,2,0.0562915178742848,5.0
2025-04-29,261240.KS,BUY,1,14290,14290,2,0.0562915178742848,5.0
2025-04-29,304660.KS,BUY,1,7700,7700,1,0.0562915178742848,5.0
2025-05-02,132030.KS,BUY,1,19445,19445,2,0.0560835887289702,5.0
2025-05-02,261240.KS,SELL,1,13995,13995,2,0.0560835887289702,5.0
2025-05-02,304660.KS,SELL,1,7690,7690,1,0.0560835887289702,5.0
2025-05-08,114260.KS,BUY,1,62895,62895,9,0.161474178765356,17.0
2025-05-08,132030.KS,SELL,1,19910,19910,2,0.161474178765356,17.0
2025-05-08,261240.KS,SELL,3,13905,41715,6,0.161474178765356,17.0
2025-05-09,069500.KS,BUY,1,34265,34265,5,0.1615974963840662,17.0
2025-05-09,102780.KS,BUY,1,8130,8130,1,0.1615974963840662,17.0
2025-05-09,114260.KS,SELL,1,62790,62790,9,0.1615974963840662,17.0
2025-05-09,132030.KS,BUY,1,19780,19780,2,0.1615974963840662,17.0
2025-05-14,102780.KS,BUY,1,8250,8250,1,0.0520876491547895,4.0
2025-05-14,229200.KS,BUY,1,11865,11865,1,0.0520876491547895,4.0
2025-05-14,132030.KS,SELL,1,19220,19220,2,0.0520876491547895,4.0
2025-05-30,229200.KS,BUY,1,11905,11905,1,0.035412711583566,3.0
2025-05-30,261240.KS,SELL,1,13785,13785,2,0.035412711583566,3.0
2025-06-02,069500.KS,BUY,1,36125,36125,5,0.2973146351998241,33.0
2025-06-02,102780.KS,BUY,2,8675,17350,2,0.2973146351998241,33.0
2025-06-02,114260.KS,BUY,1,62855,62855,9,0.2973146351998241,33.0
2025-06-02,153130.KS,SELL,1,113355,113355,17,0.2973146351998241,33.0
2025-06-05,102780.KS,SELL,1,9130,9130,1,0.2854060884953969,32.0
2025-06-05,114260.KS,SELL,1,62730,62730,9,0.2854060884953969,32.0
2025-06-05,132030.KS,SELL,2,19985,39970,5,0.2854060884953969,32.0
2025-06-05,153130.KS,BUY,1,113375,113375,17,0.2854060884953969,32.0
2025-06-09,102780.KS,BUY,1,9195,9195,1,0.0340928511827567,3.0
2025-06-09,261240.KS,SELL,1,13565,13565,2,0.0340928511827567,3.0
2025-06-11,102780.KS,BUY,1,9290,9290,1,0.0574341427648691,5.0
2025-06-11,132030.KS,SELL,1,19785,19785,2,0.0574341427648691,5.0
2025-06-11,261240.KS,BUY,1,13740,13740,2,0.0574341427648691,5.0
2025-06-12,091160.KS,BUY,1,34395,34395,5,0.0856468396951126,10.0
2025-06-12,132030.KS,SELL,1,20010,20010,3,0.0856468396951126,10.0
2025-06-12,261240.KS,SELL,1,13580,13580,2,0.0856468396951126,10.0
2025-06-13,069500.KS,BUY,1,38865,38865,5,0.1568736377717887,16.0
2025-06-13,102780.KS,BUY,2,9160,18320,2,0.1568736377717887,16.0
2025-06-13,114260.KS,SELL,1,62690,62690,9,0.1568736377717887,16.0
2025-06-18,069500.KS,BUY,1,40015,40015,6,0.2951948758532001,34.0
2025-06-18,102780.KS,BUY,1,9245,9245,1,0.2951948758532001,34.0
2025-06-18,114260.KS,BUY,1,62655,62655,9,0.2951948758532001,34.0
2025-06-18,304660.KS,BUY,1,7450,7450,1,0.2951948758532001,34.0
2025-06-18,153130.KS,SELL,1,113440,113440,17,0.2951948758532001,34.0
2025-06-20,091160.KS,BUY,1,35365,35365,5,0.1537787744806976,17.0
2025-06-20,102780.KS,BUY,1,9270,9270,1,0.1537787744806976,17.0
2025-06-20,114260.KS,SELL,1,62675,62675,9,0.1537787744806976,17.0
2025-06-20,261240.KS,BUY,1,13685,13685,2,0.1537787744806976,17.0
2025-11-24,069500.KS,SELL,1,54210,54210,8,0.2585917807815333,39.0
2025-11-24,091160.KS,SELL,1,52870,52870,7,0.2585917807815333,39.0
2025-11-24,102780.KS,SELL,2,12745,25490,3,0.2585917807815333,39.0
2025-11-24,114260.KS,BUY,1,62565,62565,9,0.2585917807815333,39.0
2025-11-24,132030.KS,BUY,2,23635,47270,7,0.2585917807815333,39.0
2025-11-24,261240.KS,BUY,2,15020,30040,4,0.2585917807815333,39.0
2025-11-24,304660.KS,SELL,1,7775,7775,1,0.2585917807815333,39.0
2025-11-25,102780.KS,SELL,1,12830,12830,1,0.027397059979274,3.0
2025-11-25,261240.KS,BUY,1,14990,14990,2,0.027397059979274,3.0
2025-11-28,229200.KS,SELL,1,15900,15900,2,0.2178769545174562,34.0
2025-11-28,114260.KS,SELL,1,62425,62425,9,0.2178769545174562,34.0
2025-11-28,132030.KS,SELL,1,24440,24440,3,0.2178769545174562,34.0
2025-11-28,261240.KS,SELL,1,14975,14975,2,0.2178769545174562,34.0
2025-11-28,304660.KS,BUY,1,7865,7865,1,0.2178769545174562,34.0
2025-11-28,153130.KS,BUY,1,113460,113460,17,0.2178769545174562,34.0
2025-12-03,069500.KS,BUY,1,57295,57295,8,0.2265850633460772,37.0
2025-12-03,091160.KS,BUY,1,57530,57530,8,0.2265850633460772,37.0
2025-12-03,102780.KS,BUY,1,13550,13550,2,0.2265850633460772,37.0
2025-12-03,261240.KS,SELL,1,14960,14960,2,0.2265850633460772,37.0
2025-12-03,153130.KS,SELL,1,113470,113470,17,0.2265850633460772,37.0
2025-12-04,069500.KS,SELL,1,57150,57150,8,0.2014281912534374,33.0
2025-12-04,091160.KS,SELL,1,56385,56385,8,0.2014281912534374,33.0
2025-12-04,153130.KS,BUY,1,113490,113490,17,0.2014281912534374,33.0
2025-12-05,069500.KS,BUY,1,58240,58240,8,0.2561148653394962,41.0
2025-12-05,091160.KS,BUY,1,57295,57295,8,0.2561148653394962,41.0
2025-12-05,102780.KS,BUY,1,13750,13750,2,0.2561148653394962,41.0
2025-12-05,229200.KS,BUY,1,15740,15740,2,0.2561148653394962,41.0
2025-12-05,132030.KS,SELL,1,24630,24630,3,0.2561148653394962,41.0
2025-12-05,304660.KS,SELL,1,7710,7710,1,0.2561148653394962,41.0
2025-12-05,153130.KS,SELL,1,113500,113500,17,0.2561148653394962,41.0
2025-12-08,102780.KS,BUY,1,13820,13820,2,0.0277212442059123,4.0
2025-12-08,229200.KS,SELL,1,15950,15950,2,0.0277212442059123,4.0
2026-03-05,069500.KS,SELL,1,83570,83570,12,0.2716996038675522,63.0
2026-03-05,091160.KS,SELL,1,100585,100585,15,0.2716996038675522,63.0
2026-03-05,102780.KS,SELL,2,18315,36630,5,0.2716996038675522,63.0
2026-03-05,114260.KS,BUY,1,61800,61800,9,0.2716996038675522,63.0
2026-03-05,132030.KS,BUY,3,29350,88050,13,0.2716996038675522,63.0
2026-03-05,261240.KS,BUY,4,14960,59840,8,0.2716996038675522,63.0
2026-03-05,304660.KS,BUY,1,7710,7710,1,0.2716996038675522,63.0
2026-03-06,069500.KS,BUY,1,83560,83560,12,0.2419343943779944,57.0
2026-03-06,114260.KS,SELL,1,61730,61730,9,0.2419343943779944,57.0
2026-03-06,132030.KS,SELL,3,29225,87675,13,0.2419343943779944,57.0
2026-03-06,261240.KS,SELL,3,15025,45075,6,0.2419343943779944,57.0
2026-03-06,153130.KS,BUY,1,113430,113430,17,0.2419343943779944,57.0
2026-03-09,102780.KS,BUY,1,17285,17285,2,0.0222414662768673,4.0
2026-03-09,261240.KS,SELL,1,15235,15235,2,0.0222414662768673,4.0
2026-03-10,069500.KS,SELL,1,82900,82900,12,0.1840778396909597,42.0
2026-03-10,102780.KS,SELL,2,17920,35840,5,0.1840778396909597,42.0
2026-03-10,229200.KS,SELL,1,20080,20080,3,0.1840778396909597,42.0
2026-03-10,132030.KS,BUY,3,29575,88725,13,0.1840778396909597,42.0
2026-03-10,261240.KS,BUY,4,14975,59900,8,0.1840778396909597,42.0
2026-03-10,304660.KS,SELL,1,7770,7770,1,0.1840778396909597,42.0
2026-03-11,229200.KS,BUY,1,19680,19680,2,0.1648856595918487,38.0
2026-03-11,132030.KS,SELL,3,29740,89220,13,0.1648856595918487,38.0
2026-03-11,261240.KS,SELL,3,14935,44805,6,0.1648856595918487,38.0
2026-03-11,153130.KS,BUY,1,113440,113440,17,0.1648856595918487,38.0
2026-03-13,069500.KS,BUY,1,81540,81540,12,0.166141846236763,36.0
2026-03-13,102780.KS,BUY,1,17965,17965,2,0.166141846236763,36.0
2026-03-13,229200.KS,SELL,1,19925,19925,2,0.166141846236763,36.0
2026-03-13,132030.KS,BUY,1,29045,29045,4,0.166141846236763,36.0
2026-03-13,153130.KS,SELL,1,113245,113245,16,0.166141846236763,36.0
2026-03-16,102780.KS,BUY,1,18020,18020,2,0.0411250274990792,8.0
2026-03-16,132030.KS,SELL,1,28635,28635,4,0.0411250274990792,8.0
2026-03-16,261240.KS,BUY,1,15255,15255,2,0.0411250274990792,8.0
2026-03-17,091160.KS,BUY,1,99470,99470,14,0.1570142906893623,36.0
2026-03-17,132030.KS,BUY,1,28550,28550,4,0.1570142906893623,36.0
2026-03-17,261240.KS,SELL,1,15210,15210,2,0.1570142906893623,36.0
2026-03-17,153130.KS,SELL,1,113285,113285,16,0.1570142906893623,36.0
2026-03-24,069500.KS,SELL,1,83505,83505,12,0.2765628346974459,63.0
2026-03-24,091160.KS,SELL,1,100125,100125,15,0.2765628346974459,63.0
2026-03-24,102780.KS,SELL,2,18190,36380,5,0.2765628346974459,63.0
2026-03-24,132030.KS,BUY,1,25000,25000,3,0.2765628346974459,63.0
2026-03-24,261240.KS,BUY,5,15255,76275,11,0.2765628346974459,63.0
2026-03-24,304660.KS,BUY,1,7515,7515,1,0.2765628346974459,63.0
2026-03-24,153130.KS,BUY,1,113280,113280,16,0.2765628346974459,63.0
2026-03-25,069500.KS,SELL,1,84510,84510,12,0.1585216863867833,36.0
2026-03-25,102780.KS,SELL,2,18410,36820,5,0.1585216863867833,36.0
2026-03-25,132030.KS,BUY,2,25915,51830,7,0.1585216863867833,36.0
2026-03-25,261240.KS,BUY,5,15295,76475,11,0.1585216863867833,36.0
2026-03-25,304660.KS,SELL,1,7515,7515,1,0.1585216863867833,36.0
2026-03-26,102780.KS,BUY,1,17845,17845,2,0.1423196743964023,30.0
2026-03-26,229200.KS,BUY,1,19750,19750,2,0.1423196743964023,30.0
2026-03-26,132030.KS,BUY,2,25255,50510,7,0.1423196743964023,30.0
2026-03-26,261240.KS,BUY,1,15375,15375,2,0.1423196743964023,30.0
2026-03-26,304660.KS,BUY,1,7535,7535,1,0.1423196743964023,30.0
2026-03-26,153130.KS,SELL,1,113295,113295,16,0.1423196743964023,30.0
2026-03-27,102780.KS,SELL,1,17810,17810,2,0.0579964188106681,11.0
2026-03-27,229200.KS,SELL,1,19830,19830,2,0.0579964188106681,11.0
2026-03-27,261240.KS,BUY,3,15385,46155,6,0.0579964188106681,11.0
2026-03-27,304660.KS,SELL,1,7495,7495,1,0.0579964188106681,11.0
2026-04-01,132030.KS,SELL,1,26755,26755,4,0.033015212541215,7.0
2026-04-01,261240.KS,BUY,1,15330,15330,2,0.033015212541215,7.0
2026-04-01,304660.KS,BUY,1,7610,7610,1,0.033015212541215,7.0
2026-04-02,102780.KS,BUY,1,17755,17755,2,0.1653418966200075,37.0
2026-04-02,132030.KS,SELL,2,26095,52190,7,0.1653418966200075,37.0
2026-04-02,261240.KS,SELL,5,15520,77600,11,0.1653418966200075,37.0
2026-04-02,153130.KS,BUY,1,113335,113335,17,0.1653418966200075,37.0
2026-04-03,069500.KS,SELL,1,80575,80575,12,0.1235253857640617,27.0
2026-04-03,102780.KS,SELL,1,18245,18245,2,0.1235253857640617,27.0
2026-04-03,132030.KS,BUY,2,26585,53170,7,0.1235253857640617,27.0
2026-04-03,261240.KS,BUY,3,15365,46095,6,0.1235253857640617,27.0
2026-04-07,069500.KS,BUY,1,82770,82770,12,0.1412967627946569,31.0
2026-04-07,102780.KS,BUY,1,18795,18795,2,0.1412967627946569,31.0
2026-04-07,132030.KS,SELL,2,26390,52780,7,0.1412967627946569,31.0
2026-04-07,261240.KS,SELL,4,15355,61420,9,0.1412967627946569,31.0
2026-04-07,304660.KS,BUY,1,7540,7540,1,0.1412967627946569,31.0
2026-04-08,132030.KS,BUY,2,27495,54990,8,0.1552190411885473,38.0
2026-04-08,261240.KS,BUY,5,15025,75125,11,0.1552190411885473,38.0
2026-04-08,304660.KS,SELL,2,7560,15120,2,0.1552190411885473,38.0
2026-04-08,153130.KS,SELL,1,113425,113425,17,0.1552190411885473,38.0
2026-04-09,132030.KS,SELL,1,26815,26815,4,0.1462147962826276,35.0
2026-04-09,261240.KS,SELL,6,15135,90810,13,0.1462147962826276,35.0
2026-04-09,304660.KS,BUY,1,7595,7595,1,0.1462147962826276,35.0
2026-04-09,153130.KS,BUY,1,113440,113440,17,0.1462147962826276,35.0
2026-04-10,102780.KS,BUY,1,20110,20110,3,0.1878140470167256,45.0
2026-04-10,229200.KS,BUY,1,18575,18575,2,0.1878140470167256,45.0
2026-04-10,132030.KS,SELL,3,27025,81075,12,0.1878140470167256,45.0
2026-04-10,261240.KS,SELL,5,15130,75650,11,0.1878140470167256,45.0
2026-04-10,153130.KS,BUY,1,113450,113450,17,0.1878140470167256,45.0
2026-04-13,069500.KS,BUY,1,87880,87880,13,0.1057236075955458,24.0
2026-04-13,229200.KS,SELL,1,18540,18540,2,0.1057236075955458,24.0
2026-04-13,132030.KS,SELL,1,26870,26870,4,0.1057236075955458,24.0
2026-04-13,261240.KS,SELL,2,15215,30430,4,0.1057236075955458,24.0
2026-04-13,304660.KS,SELL,1,7515,7515,1,0.1057236075955458,24.0
2026-04-15,091160.KS,BUY,1,108650,108650,16,0.1355430114296107,33.0
2026-04-15,304660.KS,BUY,1,7615,7615,1,0.1355430114296107,33.0
2026-04-15,153130.KS,SELL,1,113235,113235,16,0.1355430114296107,33.0
2026-04-16,069500.KS,BUY,1,94710,94710,14,0.1359223189312527,34.0
2026-04-16,091160.KS,SELL,1,110620,110620,16,0.1359223189312527,34.0
2026-04-16,102780.KS,BUY,1,21165,21165,3,0.1359223189312527,34.0
2026-04-16,304660.KS,SELL,1,7565,7565,1,0.1359223189312527,34.0
2026-04-17,091160.KS,BUY,1,110400,110400,16,0.130514441109197,32.0
2026-04-17,153130.KS,SELL,1,113265,113265,16,0.130514441109197,32.0
2026-04-20,091160.KS,SELL,1,112400,112400,16,0.1286772913201214,31.0
2026-04-20,102780.KS,BUY,2,21350,42700,6,0.1286772913201214,31.0
2026-04-20,132030.KS,BUY,1,27175,27175,4,0.1286772913201214,31.0
2026-04-20,261240.KS,BUY,2,15095,30190,4,0.1286772913201214,31.0
2026-04-20,304660.KS,BUY,1,7565,7565,1,0.1286772913201214,31.0
2026-07-01,069500.KS,SELL,1,134525,134525,20,0.2049500020393457,68.0
2026-07-01,102780.KS,SELL,2,31595,63190,9,0.2049500020393457,68.0
2026-07-01,132030.KS,SELL,1,22330,22330,3,0.2049500020393457,68.0
2026-07-01,261240.KS,BUY,8,15990,127920,19,0.2049500020393457,68.0
2026-07-01,304660.KS,SELL,1,7515,7515,1,0.2049500020393457,68.0
2026-07-01,153130.KS,BUY,1,113275,113275,16,0.2049500020393457,68.0
2026-07-02,102780.KS,SELL,1,29400,29400,4,0.0265061870309013,7.0
2026-07-02,261240.KS,BUY,1,15975,15975,2,0.0265061870309013,7.0
2026-07-02,304660.KS,BUY,1,7495,7495,1,0.0265061870309013,7.0
2026-07-03,069500.KS,SELL,2,131010,262020,39,0.3503462363466403,117.0
2026-07-03,102780.KS,SELL,3,30560,91680,13,0.3503462363466403,117.0
2026-07-03,132030.KS,SELL,2,23475,46950,7,0.3503462363466403,117.0
2026-07-03,261240.KS,BUY,11,15705,172755,25,0.3503462363466403,117.0
2026-07-03,153130.KS,BUY,2,113300,226600,33,0.3503462363466403,117.0
2026-07-07,102780.KS,BUY,1,28565,28565,4,0.1609104899289301,50.0
2026-07-07,229200.KS,BUY,1,14535,14535,2,0.1609104899289301,50.0
2026-07-07,132030.KS,BUY,1,23225,23225,3,0.1609104899289301,50.0
2026-07-07,261240.KS,SELL,11,15700,172700,25,0.1609104899289301,50.0
2026-07-07,153130.KS,BUY,1,113310,113310,16,0.1609104899289301,50.0
2026-07-08,229200.KS,SELL,1,13565,13565,2,0.1379149092158561,41.0
2026-07-08,114260.KS,BUY,1,61590,61590,9,0.1379149092158561,41.0
2026-07-08,132030.KS,SELL,1,23240,23240,3,0.1379149092158561,41.0
2026-07-08,261240.KS,BUY,5,15430,77150,11,0.1379149092158561,41.0
2026-07-08,153130.KS,SELL,1,113310,113310,16,0.1379149092158561,41.0
2026-07-14,114260.KS,SELL,1,61385,61385,9,0.071769910430031,21.0
2026-07-14,261240.KS,BUY,5,15370,76850,11,0.071769910430031,21.0
2026-07-14,304660.KS,SELL,1,7370,7370,1,0.071769910430031,21.0
2026-07-29,069500.KS,BUY,1,89605,89605,13,0.1305792420827621,36.0
2026-07-29,102780.KS,BUY,1,21140,21140,3,0.1305792420827621,36.0
2026-07-29,229200.KS,BUY,1,11125,11125,1,0.1305792420827621,36.0
2026-07-29,261240.KS,SELL,1,14915,14915,2,0.1305792420827621,36.0
2026-07-29,304660.KS,BUY,1,7390,7390,1,0.1305792420827621,36.0
2026-07-29,153130.KS,SELL,1,113260,113260,16,0.1305792420827621,36.0
2026-07-30,102780.KS,SELL,1,20830,20830,3,0.1159112377408463,32.0
2026-07-30,261240.KS,SELL,6,14820,88920,13,0.1159112377408463,32.0
2026-07-30,153130.KS,BUY,1,113260,113260,16,0.1159112377408463,32.0
2026-07-31,069500.KS,SELL,1,108820,108820,16,0.2136808554778115,66.0
2026-07-31,261240.KS,SELL,8,14690,117520,17,0.2136808554778115,66.0
2026-07-31,153130.KS,BUY,2,113300,226600,33,0.2136808554778115,66.0
2026-08-03,229200.KS,SELL,1,12470,12470,1,0.1397368423588778,39.0
2026-08-03,132030.KS,BUY,1,22885,22885,3,0.1397368423588778,39.0
2026-08-03,261240.KS,SELL,9,14725,132525,19,0.1397368423588778,39.0
2026-08-03,153130.KS,BUY,1,113300,113300,16,0.1397368423588778,39.0
2026-08-04,229200.KS,BUY,1,13330,13330,1,0.1118878101402373,32.0
2026-08-04,261240.KS,BUY,7,14765,103355,15,0.1118878101402373,32.0
2026-08-04,153130.KS,SELL,1,113310,113310,16,0.1118878101402373,32.0
2026-08-05,229200.KS,SELL,1,13545,13545,2,0.0349895693256848,9.0
2026-08-05,132030.KS,SELL,1,23455,23455,3,0.0349895693256848,9.0
2026-08-05,261240.KS,BUY,2,14685,29370,4,0.0349895693256848,9.0
2026-08-06,069500.KS,BUY,1,98900,98900,14,0.2362536549320777,70.0
2026-08-06,261240.KS,BUY,10,14665,146650,21,0.2362536549320777,70.0
2026-08-06,304660.KS,SELL,1,7325,7325,1,0.2362536549320777,70.0
2026-08-06,153130.KS,SELL,2,113345,226690,34,0.2362536549320777,70.0
2026-08-07,069500.KS,SELL,1,98090,98090,14,0.094777159178089,27.0
2026-08-07,229200.KS,BUY,1,13605,13605,2,0.094777159178089,27.0
2026-08-07,261240.KS,BUY,5,14610,73050,10,0.094777159178089,27.0
2026-08-07,304660.KS,BUY,1,7260,7260,1,0.094777159178089,27.0
2026-08-10,069500.KS,BUY,1,98265,98265,14,0.2033253513114603,60.0
2026-08-10,102780.KS,SELL,1,24340,24340,3,0.2033253513114603,60.0
2026-08-10,229200.KS,SELL,1,14780,14780,2,0.2033253513114603,60.0
2026-08-10,261240.KS,SELL,11,14630,160930,24,0.2033253513114603,60.0
2026-08-10,304660.KS,SELL,1,7280,7280,1,0.2033253513114603,60.0
2026-08-10,153130.KS,BUY,1,113330,113330,16,0.2033253513114603,60.0
2026-08-11,102780.KS,BUY,1,24675,24675,3,0.1502819609069017,45.0
2026-08-11,132030.KS,BUY,5,24550,122750,18,0.1502819609069017,45.0
2026-08-11,261240.KS,SELL,3,14605,43815,6,0.1502819609069017,45.0
2026-08-11,304660.KS,BUY,1,7220,7220,1,0.1502819609069017,45.0
2026-08-11,153130.KS,SELL,1,113390,113390,17,0.1502819609069017,45.0
2026-08-12,102780.KS,SELL,1,25595,25595,3,0.2147589834468669,66.0
2026-08-12,132030.KS,SELL,2,24680,49360,7,0.2147589834468669,66.0
2026-08-12,261240.KS,SELL,10,14610,146100,21,0.2147589834468669,66.0
2026-08-12,304660.KS,SELL,1,7260,7260,1,0.2147589834468669,66.0
2026-08-12,153130.KS,BUY,2,113360,226720,34,0.2147589834468669,66.0
2026-08-18,102780.KS,BUY,2,26320,52640,7,0.1056473317779711,32.0
2026-08-18,114260.KS,BUY,1,61745,61745,9,0.1056473317779711,32.0
2026-08-18,153130.KS,SELL,1,113195,113195,16,0.1056473317779711,32.0
2026-08-19,069500.KS,BUY,1,101760,101760,15,0.0964422696914814,29.0
2026-08-19,102780.KS,SELL,1,25170,25170,3,0.0964422696914814,29.0
2026-08-19,114260.KS,SELL,1,61815,61815,9,0.0964422696914814,29.0
2026-08-19,261240.KS,SELL,1,14430,14430,2,0.0964422696914814,29.0
2026-08-20,069500.KS,SELL,1,108190,108190,16,0.1237262796819253,38.0
2026-08-20,132030.KS,SELL,1,25260,25260,3,0.1237262796819253,38.0
2026-08-20,261240.KS,BUY,1,14380,14380,2,0.1237262796819253,38.0
2026-08-20,304660.KS,BUY,1,7300,7300,1,0.1237262796819253,38.0
2026-08-20,153130.KS,BUY,1,113220,113220,16,0.1237262796819253,38.0
2026-08-21,069500.KS,BUY,1,109980,109980,16,0.1245780516555166,38.0
2026-08-21,102780.KS,BUY,1,26460,26460,3,0.1245780516555166,38.0
2026-08-21,261240.KS,SELL,1,14315,14315,2,0.1245780516555166,38.0
2026-08-21,304660.KS,SELL,1,7250,7250,1,0.1245780516555166,38.0
2026-08-21,153130.KS,SELL,1,113215,113215,16,0.1245780516555166,38.0
2026-08-24,069500.KS,SELL,1,105995,105995,15,0.2041244870232121,63.0
2026-08-24,229200.KS,BUY,1,14075,14075,2,0.2041244870232121,63.0
2026-08-24,132030.KS,BUY,7,26060,182420,27,0.2041244870232121,63.0
2026-08-24,261240.KS,BUY,1,14265,14265,2,0.2041244870232121,63.0
2026-08-24,304660.KS,BUY,1,7255,7255,1,0.2041244870232121,63.0
2026-08-24,153130.KS,SELL,1,113210,113210,16,0.2041244870232121,63.0
2026-08-25,102780.KS,SELL,1,25650,25650,3,0.050227925819496,14.0
2026-08-25,229200.KS,SELL,1,14300,14300,2,0.050227925819496,14.0
2026-08-25,132030.KS,BUY,2,26095,52190,7,0.050227925819496,14.0
2026-08-25,261240.KS,SELL,1,14305,14305,2,0.050227925819496,14.0
2026-08-27,069500.KS,BUY,1,109135,109135,16,0.10175629369955,32.0
2026-08-27,132030.KS,SELL,4,25865,103460,15,0.10175629369955,32.0
2026-08-27,304660.KS,SELL,1,7335,7335,1,0.10175629369955,32.0
2026-08-28,069500.KS,SELL,1,107180,107180,16,0.0993750811281918,29.0
2026-08-28,102780.KS,BUY,2,26580,53160,7,0.0993750811281918,29.0
2026-08-28,132030.KS,BUY,1,25710,25710,3,0.0993750811281918,29.0
2026-08-28,261240.KS,BUY,1,14175,14175,2,0.0993750811281918,29.0
2026-08-28,304660.KS,BUY,1,7305,7305,1,0.0993750811281918,29.0
2026-08-31,069500.KS,BUY,1,107615,107615,16,0.113602181430092,34.0
2026-08-31,229200.KS,BUY,1,14370,14370,2,0.113602181430092,34.0
2026-08-31,153130.KS,SELL,1,113290,113290,16,0.113602181430092,34.0
2026-09-01,069500.KS,SELL,1,107885,107885,16,0.1631079478054567,51.0
2026-09-01,102780.KS,SELL,2,26670,53340,8,0.1631079478054567,51.0
2026-09-01,229200.KS,SELL,1,13950,13950,2,0.1631079478054567,51.0
2026-09-01,114260.KS,BUY,1,61790,61790,9,0.1631079478054567,51.0
2026-09-01,153130.KS,BUY,1,113295,113295,16,0.1631079478054567,51.0
2026-09-02,102780.KS,BUY,1,25715,25715,3,0.1320634238904762,38.0
2026-09-02,114260.KS,SELL,1,61690,61690,9,0.1320634238904762,38.0
2026-09-02,132030.KS,SELL,3,24235,72705,10,0.1320634238904762,38.0
2026-09-02,153130.KS,BUY,1,113270,113270,16,0.1320634238904762,38.0
2026-09-03,102780.KS,BUY,1,25705,25705,3,0.0304251646289904,7.0
2026-09-03,132030.KS,SELL,1,24800,24800,3,0.0304251646289904,7.0
2026-09-03,304660.KS,SELL,1,7260,7260,1,0.0304251646289904,7.0
2026-09-04,102780.KS,SELL,1,25995,25995,3,0.0648820846391746,18.0
2026-09-04,114260.KS,BUY,1,61830,61830,9,0.0648820846391746,18.0
2026-09-04,132030.KS,SELL,1,25060,25060,3,0.0648820846391746,18.0
2026-09-04,261240.KS,SELL,1,13945,13945,2,0.0648820846391746,18.0
2026-09-04,304660.KS,BUY,1,7275,7275,1,0.0648820846391746,18.0
2026-09-07,229200.KS,BUY,1,14030,14030,2,0.0569701202891953,16.0
2026-09-07,114260.KS,SELL,1,61825,61825,9,0.0569701202891953,16.0
2026-09-07,132030.KS,BUY,1,24645,24645,3,0.0569701202891953,16.0
2026-09-07,261240.KS,BUY,1,13850,13850,2,0.0569701202891953,16.0
2026-09-08,102780.KS,BUY,1,26275,26275,3,0.0242807716618674,6.0
2026-09-08,229200.KS,SELL,1,13690,13690,2,0.0242807716618674,6.0
2026-09-08,304660.KS,SELL,1,7235,7235,1,0.0242807716618674,6.0
2026-09-09,069500.KS,BUY,1,112100,112100,16,0.1093590092454906,34.0
2026-09-09,304660.KS,BUY,1,7260,7260,1,0.1093590092454906,34.0
2026-09-09,153130.KS,SELL,1,113355,113355,17,0.1093590092454906,34.0
2026-09-10,102780.KS,BUY,1,26425,26425,3,0.0293075663726137,7.0
2026-09-10,132030.KS,SELL,1,24760,24760,3,0.0293075663726137,7.0
2026-09-10,304660.KS,SELL,1,7230,7230,1,0.0293075663726137,7.0
2026-09-11,091160.KS,BUY,1,128900,128900,19,0.1200135934714094,38.0
2026-09-11,261240.KS,SELL,1,13915,13915,2,0.1200135934714094,38.0
2026-09-11,153130.KS,SELL,1,113375,113375,17,0.1200135934714094,38.0
2026-09-14,069500.KS,BUY,1,105410,105410,15,0.1209739131765624,36.0
2026-09-14,091160.KS,SELL,1,123500,123500,18,0.1209739131765624,36.0
2026-09-14,261240.KS,BUY,1,13930,13930,2,0.1209739131765624,36.0
2026-09-14,304660.KS,BUY,1,7130,7130,1,0.1209739131765624,36.0
2026-09-15,069500.KS,SELL,2,104275,208550,31,0.2252999775456531,67.0
2026-09-15,102780.KS,SELL,1,25235,25235,3,0.2252999775456531,67.0
2026-09-15,153130.KS,BUY,2,113130,226260,33,0.2252999775456531,67.0
2026-09-16,102780.KS,SELL,1,25455,25455,3,0.0242705024008299,6.0
2026-09-16,132030.KS,BUY,1,24245,24245,3,0.0242705024008299,6.0
2026-09-21,132030.KS,BUY,1,24340,24340,3,0.0227024072573085,5.0
2026-09-21,261240.KS,SELL,1,14285,14285,2,0.0227024072573085,5.0
2026-09-28,069500.KS,BUY,1,112175,112175,16,0.1337577843101743,40.0
2026-09-28,102780.KS,BUY,1,26950,26950,4,0.1337577843101743,40.0
2026-09-28,132030.KS,SELL,1,23835,23835,3,0.1337577843101743,40.0
2026-09-28,304660.KS,SELL,1,6980,6980,1,0.1337577843101743,40.0
2026-09-28,153130.KS,SELL,1,113200,113200,16,0.1337577843101743,40.0
