symbol,ticker,name,bucket,history_sessions,theme,defensive_role,price_listing,momentum_score,return_1d,return_5d,return_20d,return_63d,peak_drawdown_60d,annual_vol_63d,corr_market_126d,max_drawdown_252d,market_cap_raw,volume,liquidity_score,return_3m_listing,momentum_pct,liquidity_pct,diversification_pct,drawdown_resilience_pct,screen_score,cluster_id
130680,130680.KS,TIGER 원유선물Enhanced(H),REAL_ASSET,367,ENERGY,DIVERSIFIER,7920.0,1.1412310027542207,0.045394736842105265,-0.029321930360415416,0.186706497386109,0.3999999999999999,-0.06474396703943497,0.48014197597129005,-0.3405351378217467,-0.323780487804878,166.0,9491.0,0.3655353728489484,27.731,1.0,0.05405405405405406,0.9594594594594594,0.35135135135135137,0.8277027027027027,0
271060,271060.KS,KODEX 3대농산물선물(H),REAL_ASSET,367,AGRICULTURE,DIVERSIFIER,8930.0,0.650900076634072,-0.003899721448467952,-0.020273972602739776,-0.013789299503585206,0.1763157894736842,-0.037156704361874016,0.22618869042368758,-0.028542712949927135,-0.13978494623655913,276.0,3298.0,0.3987810707456979,16.8619,0.7972972972972973,0.08108108108108109,0.9594594594594594,0.7567567567567568,0.8277027027027026,1
261220,261220.KS,KODEX WTI원유선물(H),REAL_ASSET,367,ENERGY,DIVERSIFIER,27165.0,1.068970963139191,0.045219390687871286,-0.029013883944464247,0.1926104066462615,0.41065425394362554,-0.0640013726835964,0.49054018225247303,-0.3239859790559337,-0.34131004366812223,496.0,30959.0,0.5754780114722753,28.737,0.9864864864864865,0.16216216216216217,0.9594594594594594,0.3108108108108108,0.8108108108108109,0
219390,219390.KS,RISE 미국S&P원유생산기업(합성 H),REAL_ASSET,367,ENERGY,DIVERSIFIER,7890.0,0.7303964844743323,0.013341804320203376,-0.041466346153846145,-0.001877346683354153,0.20195930670685747,-0.07213496218731819,0.303214784804124,-0.3014561190190295,-0.23339110340843439,158.0,8761.0,0.3588432122370937,16.5925,0.8378378378378378,0.04054054054054054,0.9594594594594594,0.5405405405405406,0.7939189189189189,2
381180,381180.KS,TIGER 미국필라델피아반도체나스닥,EQUITY,367,SEMICONDUCTOR,RISK,44685.0,0.811484282532184,0.002790490010045721,0.10233128834355831,0.05545112781954886,-0.21236412542809802,-0.21531870990281832,0.5184891508112676,0.7566688101311185,-0.3201210563553064,61040.0,605437.0,0.9837476099426385,-20.552,0.8648648648648649,0.8783783783783784,0.21621621621621623,0.3783783783783784,0.7702702702702703,3
091170,091170.KS,KODEX 은행,EQUITY,367,BANK_FINANCE,RISK,16485.0,0.8811454900223251,0.007018614586512095,-0.02048085485307216,0.025736665423349514,0.15716793831177167,-0.04013961605584637,0.3246252423956709,0.2906942999897444,-0.1904549699347674,2951.0,123394.0,0.815774378585086,13.7774,0.9594594594594594,0.25675675675675674,0.6351351351351351,0.6216216216216216,0.7702702702702703,4
395270,395270.KS,HANARO Fn K-반도체,EQUITY,367,SEMICONDUCTOR,RISK,60015.0,0.820854465992349,-0.009952683961494513,0.10357370191870507,0.08173634013726705,-0.2926089997668454,-0.2452266932023136,1.0312085567452418,0.9536551133046415,-0.5349980227105813,37419.0,411396.0,0.9699808795411089,-22.8669,0.8918918918918919,0.7837837837837838,0.14864864864864866,0.05405405405405406,0.7587837837837837,5
484880,484880.KS,SOL 금융지주플러스고배당,EQUITY,367,BANK_FINANCE,RISK,22920.0,0.8569920077311584,0.004376367614879584,-0.018811457887986327,0.02689158351604104,0.13762367121607055,-0.04115312304157093,0.33157609162113666,0.37765676869811826,-0.19932519637915536,3530.0,140178.0,0.8383365200764819,12.0588,0.9324324324324325,0.3108108108108108,0.5,0.6081081081081081,0.7432432432432433,4
314250,314250.KS,KODEX 미국빅테크10(H),EQUITY,367,AI_TECH,RISK,64595.0,0.9743477847717905,-0.0062946188685039095,0.0393416298675231,0.046652652005174655,0.13582786438779038,-0.0062946188685039095,0.2365765933668134,0.6371736853430369,-0.23767383142660303,6737.0,12126.0,0.7987571701720841,15.0603,0.972972972972973,0.24324324324324326,0.33783783783783783,0.5135135135135135,0.7317567567567569,6
466940,466940.KS,TIGER 은행고배당플러스TOP10,EQUITY,367,BANK_FINANCE,RISK,26990.0,0.8260435352473326,0.0044642857142858094,-0.015676266861101018,0.025446259020129203,0.12076820617984008,-0.032258064516129004,0.29436198160017424,0.38357181125883577,-0.20249419390821166,8421.0,155730.0,0.9047801147227533,10.9772,0.9054054054054054,0.35135135135135137,0.47297297297297297,0.5945945945945946,0.7297297297297297,4
091160,091160.KS,KODEX 반도체,EQUITY,367,SEMICONDUCTOR,RISK,139085.0,0.6582694260412845,-0.005484330484330502,0.09380752810309034,0.09772012578616351,-0.23358124982847106,-0.17644283228641366,0.959814329939958,0.9589173673754742,-0.5026414292919907,59181.0,300970.0,0.9754780114722754,-15.8173,0.8108108108108109,0.8243243243243243,0.12162162162162163,0.0945945945945946,0.7101351351351352,5
395160,395160.KS,KODEX AI반도체TOP2플러스,EQUITY,367,SEMICONDUCTOR,RISK,42150.0,0.6503847475005904,-0.009527129080980634,0.10757437962842675,0.08061858283686152,-0.3027155242924914,-0.25245527884952645,1.0390009831113225,0.9491200255038355,-0.5365079365079365,41981.0,1022367.0,0.9831261950286807,-24.1006,0.7837837837837838,0.8648648648648649,0.17567567567567569,0.04054054054054054,0.7087837837837838,5
448330,448330.KS,KODEX 삼성전자채권혼합,DEFENSIVE,367,BOND,HEDGE,17630.0,0.8598170971397381,-0.0022535211267605826,0.03567251461988308,0.017073676576107477,-0.05149738081006916,-0.015892634150333262,0.2943981419060645,0.9499024481522591,-0.14973316459943942,13029.0,275877.0,0.9402007648183557,-0.3681,0.9459459459459459,0.5135135135135135,0.16216216216216217,0.7432432432432432,0.6993243243243243,7
458730,458730.KS,TIGER 미국배당다우존스,EQUITY,367,DIVIDEND,RISK,14375.0,0.47689404868549123,-0.008273009307135482,-0.030333670374115274,-0.06072477962781586,-0.07299746012994313,-0.08212195241256859,0.11313586438380768,-0.23978368543755438,-0.08759135164666021,42600.0,495697.0,0.9770554493307839,-5.6633,0.5945945945945946,0.8378378378378378,0.9594594594594594,0.9054054054054054,0.6979729729729731,8
102780,102780.KS,KODEX 삼성그룹,EQUITY,367,OTHER,RISK,26740.0,0.7979133562672043,0.0061567164179103795,0.06538917423943102,0.011061117360329886,-0.1766412213740458,-0.14654217439468276,0.6661703350645342,0.95464325849445,-0.40083417229972673,34147.0,115603.0,0.9434034416826004,-13.5345,0.8513513513513513,0.5675675675675675,0.13513513513513514,0.24324324324324326,0.6871621621621621,5
472160,472160.KS,TIGER 미국테크TOP10 INDXX(H),EQUITY,367,OTHER,RISK,19590.0,0.8171783231495346,-0.006580612503163774,0.040010598834128164,0.05766639719752087,0.10719322990126945,-0.006580612503163774,0.20749415803274604,0.5462093534888276,-0.18576585543068713,2321.0,43272.0,0.7625717017208413,11.2644,0.8783783783783784,0.22972972972972974,0.3783783783783784,0.6351351351351351,0.6736486486486486,6
418670,418670.KS,TIGER 글로벌AI사이버보안,EQUITY,367,AI_TECH,RISK,18410.0,0.715912317253176,-0.041916167664670656,-0.02696985721840295,0.06389129806302396,0.14928169893816357,-0.041916167664670656,0.49053768066272846,0.2570483552668451,-0.3190901536074535,626.0,47690.0,0.6179732313575526,27.2697,0.8243243243243243,0.17567567567567569,0.6486486486486487,0.3918918918918919,0.6682432432432432,9
069500,069500.KS,KODEX 200,EQUITY,367,BROAD_MARKET,RISK,111400.0,0.5910674519436564,-0.007203146405055483,0.05692510350018809,0.029275667750950696,-0.22814317581625798,-0.16327912293469626,0.784210617334474,1.0,-0.40807965612592445,255050.0,3176822.0,0.9983269598470363,-14.6419,0.7162162162162162,0.9864864864864865,0.013513513513513514,0.16216216216216217,0.664864864864865,5
379810,379810.KS,KODEX 미국나스닥100,EQUITY,367,OTHER,RISK,27475.0,0.5318571278858335,-0.005060545816013007,0.03263927968486202,0.02494879910631176,-0.09500757274863647,-0.11217625992531788,0.2200080340094193,0.6457754377680751,-0.16555857744842783,98031.0,5276794.0,0.9962715105162524,-8.6466,0.6486486486486487,0.9594594594594594,0.28378378378378377,0.6891891891891891,0.6560810810810811,10
0043B0,0043B0.KS,TIGER 머니마켓액티브,DEFENSIVE,348,BOND,SAFE,103790.0,0.2237388899826776,0.00011563478679832428,0.0009354807599575299,0.002918297337778375,0.009453873462043516,0.0,0.0012409905992619066,0.07170387659858717,0.0,31739.0,222604.0,0.9572657743785851,0.968,0.36486486486486486,0.6351351351351351,0.8918918918918919,0.9797297297297297,0.6503378378378378,11
102110,102110.KS,TIGER 200,EQUITY,367,BROAD_MARKET,RISK,111700.0,0.5907120889046634,-0.006836626676076207,0.05693766428839653,0.02916038210155847,-0.22772086638318267,-0.1604411440513459,0.7891173654987349,0.9994669544062346,-0.4062640862519027,101870.0,2180449.0,0.9938814531548757,-14.8861,0.7027027027027027,0.9324324324324325,0.02702702702702703,0.21621621621621623,0.6472972972972973,5
488770,488770.KS,KODEX 머니마켓액티브,DEFENSIVE,367,BOND,SAFE,105650.0,0.21045818448610745,9.465663306351679e-05,0.0010422094841062712,0.0029427120413878516,0.008976746406913927,0.0,0.0015236716317306785,0.0717918488720704,0.0,97681.0,164070.0,0.9645315487571702,0.9025,0.35135135135135137,0.7162162162162162,0.8783783783783784,0.9797297297297297,0.6402027027027027,12
289480,289480.KS,TIGER 200커버드콜,EQUITY,367,BROAD_MARKET,RISK,13315.0,0.8274904444292519,0.0003745318352059712,0.047861906630050965,0.05849251010541323,0.09557277250685559,0.0,0.4647438936109127,0.8710907955951871,-0.1849414962120416,280.0,1059.0,0.3558078393881453,13.4485,0.918918918918919,0.02702702702702703,0.1891891891891892,0.6486486486486487,0.6310810810810812,13
472150,472150.KS,TIGER 배당커버드콜액티브,EQUITY,367,DIVIDEND,RISK,20910.0,0.5564968683008022,-0.008689525598872705,0.05604203152364273,0.028158035757782418,-0.22468203436587464,-0.15859510761165974,0.7588667399634055,0.9917062887949939,-0.4063432598579415,26750.0,2382044.0,0.9771510516252391,-15.7098,0.6891891891891891,0.8513513513513513,0.08108108108108109,0.20270270270270271,0.6304054054054054,5
498400,498400.KS,KODEX 200타겟위클리커버드콜,EQUITY,367,BROAD_MARKET,RISK,20715.0,0.5531081009666411,-0.005952380952380931,0.05163727959697728,0.02472592320730005,-0.22718621233102199,-0.16376060174810647,0.7005178469130631,0.9946602157662773,-0.39820827999261454,60674.0,1169992.0,0.9884799235181645,-14.6435,0.6756756756756757,0.8918918918918919,0.06756756756756757,0.25675675675675674,0.6277027027027027,5
148020,148020.KS,RISE 200,EQUITY,367,BROAD_MARKET,RISK,112245.0,0.5938983059521882,-0.006231076396507107,0.05644446517703039,0.029689915431481362,-0.22780360512606856,-0.16397819133730684,0.7824465026057477,0.9994627205611711,-0.40792196325021324,45291.0,197421.0,0.9622848948374763,-14.9328,0.7432432432432432,0.6891891891891891,0.04054054054054054,0.17567567567567569,0.6270270270270271,5
481180,481180.KS,SOL 미국AI소프트웨어,EQUITY,366,AI_TECH,RISK,16585.0,0.5937364302977687,0.0012055455093429313,-0.004793289394847244,0.032960199004975044,0.166432584269663,-0.020347979946918282,0.3553047239200374,0.21016223235935377,-0.3373860581309911,1418.0,16863.0,0.6699330783938815,17.5761,0.7297297297297297,0.20270270270270271,0.7297297297297297,0.33783783783783783,0.6243243243243243,14
133690,133690.KS,TIGER 미국나스닥100,EQUITY,367,OTHER,RISK,183725.0,0.5252581142573344,-0.004784171689596439,0.03276113542017267,0.025112756835013128,-0.09505133078314731,-0.11269043805412138,0.2209719141110014,0.6454988298267189,-0.1659482906315356,120762.0,836835.0,0.9917304015296367,-8.6487,0.6081081081081081,0.918918918918919,0.2972972972972973,0.6756756756756757,0.6236486486486487,10
475630,475630.KS,TIGER CD1년금리액티브(합성),DEFENSIVE,366,BOND,SAFE,1078495.0,0.1519620995977079,6.490947446513573e-05,0.0008073309360863146,0.002682198938276814,0.008057016006542739,0.0,0.0014277617596502306,0.08042739506428057,0.0,16898.0,67337.0,0.91434034416826,0.8321,0.32432432432432434,0.40540540540540543,0.8648648648648649,0.9797297297297297,0.6233108108108109,15
278530,278530.KS,KODEX 200TR,EQUITY,367,BROAD_MARKET,RISK,40350.0,0.612870954200566,-0.006349206349206327,0.05647150460859396,0.029475015812776784,-0.22804022007209257,-0.16267105669307547,0.7580957855936374,0.9981499589982767,-0.4062412407736149,78380.0,73059.0,0.9418260038240918,-14.9091,0.7702702702702703,0.5405405405405406,0.05405405405405406,0.22972972972972974,0.616891891891892,5
459580,459580.KS,KODEX CD금리액티브(합성),DEFENSIVE,367,BOND,SAFE,1075885.0,0.1248027970130272,8.36590614383681e-05,0.000692933013374919,0.0024953247602745865,0.0074077195249415695,0.0,0.0012340017584314019,0.08823333038048095,0.0,69981.0,209058.0,0.9689770554493307,0.7631,0.2972972972972973,0.7567567567567568,0.8513513513513513,0.9797297297297297,0.606418918918919,15
371450,371450.KS,TIGER 글로벌클라우드컴퓨팅INDXX,EQUITY,367,OTHER,RISK,13600.0,0.611055107473375,-0.019777058612010068,-0.010885341074020283,0.0025744759102610537,0.11584117887842815,-0.07278911564625845,0.35545712893853454,0.19727441911685545,-0.2617062709824728,207.0,2311.0,0.33981835564053536,19.6129,0.7567567567567568,0.013513513513513514,0.7432432432432432,0.4594594594594595,0.6060810810810812,16
423160,423160.KS,KODEX KOFR금리액티브(합성),DEFENSIVE,367,BOND,SAFE,110925.0,0.10801370415416613,0.00018032639076737134,0.0010829347531811084,0.0028295831562961116,0.0075760650728100565,0.0,0.001548366884203514,0.040388387001203285,-4.5086185281872915e-05,35985.0,35355.0,0.9074569789674951,0.7475,0.2702702702702703,0.36486486486486486,0.9054054054054054,0.9459459459459459,0.597972972972973,17
357870,357870.KS,TIGER CD금리투자KIS(합성),DEFENSIVE,367,BOND,SAFE,58125.0,0.13175468698636772,-8.602150537639908e-05,0.0006887052341597588,0.002587545282042525,0.007715648027741606,-8.602150537639908e-05,0.0016065309437065115,0.12266777731293828,-8.843380549883317e-05,33811.0,39329.0,0.9099904397705545,0.8239,0.3108108108108108,0.3918918918918919,0.8108108108108109,0.9324324324324325,0.5912162162162162,18
0008T0,0008T0.KS,SOL 화장품TOP3플러스,EQUITY,367,OTHER,RISK,17465.0,0.5527368546425228,0.003449267030755987,-0.010487528344671149,-0.09559585492227984,0.31537302185380556,-0.1606155325799471,0.5250758165530935,0.1573582146166726,-0.2521519862071462,1030.0,233216.0,0.7178298279158699,32.7355,0.6621621621621622,0.21621621621621623,0.7702702702702703,0.5,0.5891891891891893,19
161510,161510.KS,PLUS 고배당주,EQUITY,367,DIVIDEND,RISK,24950.0,0.5272061007193003,0.004435483870967705,-0.008754476721050564,-0.01237015304099598,0.05480696927923656,-0.028281646186853915,0.24660792965101622,0.5754772571166823,-0.2068066771397048,23945.0,189263.0,0.9476099426386233,4.8966,0.6351351351351351,0.6081081081081081,0.35135135135135137,0.581081081081081,0.5871621621621622,20
396500,396500.KS,TIGER 반도체TOP10,EQUITY,367,SEMICONDUCTOR,RISK,38440.0,0.4700832048979232,-0.015230359182637376,0.09081962603683391,0.08350788995950276,-0.2825041612724246,-0.2048575527772084,1.0078766998546176,0.960942143313015,-0.5250583797377403,101924.0,2052769.0,0.9941682600382409,-20.0264,0.581081081081081,0.9459459459459459,0.10810810810810811,0.08108108108108109,0.5831081081081082,5
367380,367380.KS,ACE 미국나스닥100,EQUITY,367,OTHER,RISK,31575.0,0.5266567531200922,-0.005031446540880502,0.03263707571801566,0.024611398963730657,-0.09518091656409056,-0.11241555727377761,0.21967798549870673,0.6402108433877596,-0.16515445589341415,35806.0,206249.0,0.9586998087954111,-8.6301,0.6216216216216216,0.6486486486486487,0.3108108108108108,0.7027027027027027,0.5804054054054054,10
379800,379800.KS,KODEX 미국S&P500,EQUITY,367,OTHER,RISK,23665.0,0.3767205936849493,-0.005459890802184009,-0.00042211903756861346,-0.011892343000208583,-0.08019418844253912,-0.09539610145039135,0.144011915344426,0.3514267675473799,-0.11697976710412983,103570.0,4168806.0,0.997131931166348,-7.0192,0.4594594594594595,0.972972972972973,0.5405405405405406,0.8108108108108109,0.5743243243243243,21
486290,486290.KS,TIGER 미국나스닥100타겟데일리커버드콜,EQUITY,367,OTHER,RISK,10660.0,0.4614816461428788,-0.0032649253731342753,0.029383429672447114,0.018783371472158583,-0.09791882469840318,-0.11434624488114575,0.21543788430655028,0.6377577558505266,-0.1644932286758961,26272.0,597845.0,0.9678776290630975,-9.0867,0.5675675675675675,0.7432432432432432,0.32432432432432434,0.7162162162162162,0.5662162162162163,10
455890,455890.KS,RISE 머니마켓액티브,DEFENSIVE,367,BOND,SAFE,55600.0,0.001696459070248374,0.0,0.0008100081000810277,0.002614732666125663,0.008525303827317199,0.0,0.0013338452737782515,0.10538234833815932,-0.013736013826980753,30905.0,39230.0,0.9077915869980879,0.8891,0.24324324324324326,0.3783783783783784,0.8378378378378378,0.918918918918919,0.5608108108108109,22
360750,360750.KS,TIGER 미국S&P500,EQUITY,367,OTHER,RISK,26035.0,0.3645184371293648,-0.005916030534351191,-0.0003838034926118006,-0.012137303242935715,-0.08048424512568475,-0.09576967264654845,0.14771848105067015,0.3834851876642424,-0.1172948330596465,208254.0,4399772.0,0.9987093690248565,-7.0135,0.43243243243243246,1.0,0.4864864864864865,0.7972972972972973,0.5540540540540541,21
360200,360200.KS,ACE 미국S&P500,EQUITY,367,OTHER,RISK,26315.0,0.37834639149725446,-0.005776854823485,-0.0006831119544592479,-0.01193245778611629,-0.07993944872461389,-0.09523437866479334,0.14285209009998823,0.3478755605144979,-0.11694985309453099,39815.0,290493.0,0.9698374760994264,-7.0253,0.47297297297297297,0.7702702702702703,0.5675675675675675,0.8243243243243243,0.5466216216216216,21
228790,228790.KS,TIGER 화장품,EQUITY,367,OTHER,RISK,4285.0,0.44834970757260506,0.007067137809187329,-0.00465657741559955,-0.09905163329820865,0.27043090638930156,-0.15929203539823011,0.4664118696837547,0.16905345916409803,-0.2346168342129321,2459.0,1193455.0,0.8322179732313575,31.6279,0.5540540540540541,0.28378378378378377,0.7567567567567568,0.527027027027027,0.5304054054054055,19
487240,487240.KS,KODEX AI전력핵심설비,EQUITY,367,AI_TECH,RISK,37140.0,0.4200329531330338,0.004838709677419395,0.04705882352941182,-0.01709176965553505,-0.07492394132933089,-0.19865075124817233,0.9165878893863358,0.6915601641739503,-0.6003025705614549,32609.0,539249.0,0.9706022944550668,-11.391,0.5,0.7972972972972973,0.24324324324324326,0.013513513513513514,0.5209459459459459,23
381170,381170.KS,TIGER 미국테크TOP10 INDXX,EQUITY,367,OTHER,RISK,31670.0,0.3722793253007711,-0.007196495619524401,0.02404389220590608,0.04203612479474539,-0.019316952557564493,-0.04456489009334541,0.22954539986265213,0.41473020182729736,-0.15707400056705412,39049.0,472546.0,0.9739005736137667,-1.1598,0.44594594594594594,0.8108108108108109,0.43243243243243246,0.7297297297297297,0.5168918918918919,24
455850,455850.KS,SOL AI반도체소부장,EQUITY,367,SEMICONDUCTOR,RISK,27565.0,0.38072787035809647,0.0023640661938533203,0.10771704180064301,0.12146490335707028,-0.021654242101526444,-0.11096774193548387,0.9278885746849254,0.7498816679143121,-0.5288011695906433,11591.0,593497.0,0.9442160611854684,-2.0834,0.4864864864864865,0.581081081081081,0.22972972972972974,0.06756756756756757,0.4668918918918919,25
0048J0,0048J0.KS,KODEX 미국머니마켓액티브,DEFENSIVE,336,BOND,SAFE,13575.0,-0.9597509319048011,-0.00036832412523024605,-0.0173787110789283,-0.014094739901191478,-0.11151986798835178,-0.11953712032332031,0.09210148126946016,-0.3173655865076783,-0.13510905039866317,9230.0,250122.0,0.9198852772466539,-11.0682,0.06756756756756757,0.44594594594594594,0.9594594594594594,0.7702702702702703,0.46621621621621623,26
117700,117700.KS,KODEX 건설,EQUITY,367,OTHER,RISK,7110.0,0.44436778107833896,0.010775862068965525,-0.021557719054241975,-0.025623268698060975,0.11987690407786333,-0.06262491672218518,0.6925475201134603,0.5663770899311659,-0.4728923308767533,2496.0,1196017.0,0.8337954110898662,9.8372,0.5405405405405406,0.2972972972972973,0.36486486486486486,0.14864864864864866,0.46554054054054056,27
438080,438080.KS,ACE 미국S&P500미국채혼합50액티브,DEFENSIVE,367,BOND,HEDGE,13865.0,-0.2704663954409309,-0.0021590500179921035,-0.008934953538241586,-0.015968772178850288,-0.09791802212101497,-0.10950545921644184,0.10490887098326143,0.12398596807854163,-0.12652536929993574,12381.0,109983.0,0.9152963671128107,-9.2424,0.12162162162162163,0.4189189189189189,0.7972972972972973,0.7837837837837838,0.4560810810810811,28
0083S0,0083S0.KS,1Q 미국메디컬AI,EQUITY,289,AI_TECH,RISK,12120.0,0.434574820851156,0.013355592654423987,0.10113378684807262,0.09864253393665168,0.1191094627682947,0.0,0.42752645169624337,0.3494233261889954,-0.28841737962806635,339.0,22680.0,0.512189292543021,18.2192,0.527027027027027,0.12162162162162163,0.5540540540540541,0.43243243243243246,0.44999999999999996,29
498410,498410.KS,KODEX 금융고배당TOP10타겟위클리커버드콜,EQUITY,367,BANK_FINANCE,RISK,11775.0,0.22483952579389707,0.002552105487026779,-0.02401656314699796,0.004603188134003844,0.10113193264720621,-0.04226198053451824,0.276916996799528,0.22432263842941724,-0.26239659675882254,8419.0,609557.0,0.927246653919694,9.3146,0.3783783783783784,0.47297297297297297,0.7162162162162162,0.44594594594594594,0.447972972972973,4
441640,441640.KS,KODEX 미국배당커버드콜액티브,EQUITY,367,DIVIDEND,RISK,12255.0,0.19129880533511795,-0.00648298217179899,-0.012484897301651254,-0.03426033286688346,-0.07623518805583307,-0.08732027554054922,0.1130576212004074,0.25662641728125385,-0.0937195255203026,16955.0,213192.0,0.9454110898661567,-5.8858,0.33783783783783783,0.5945945945945946,0.6621621621621622,0.8783783783783784,0.43783783783783786,30
479850,479850.KS,HANARO K-뷰티,EQUITY,367,OTHER,RISK,17770.0,0.3469286656701296,0.007956805910770193,-0.01252783964365256,-0.09699592668024437,0.19106783075889866,-0.15547619047619043,0.4464509132055271,0.1527941218627452,-0.22099980988134993,240.0,12318.0,0.43424952198852773,23.8648,0.4189189189189189,0.0945945945945946,0.7837837837837838,0.5675675675675675,0.40878378378378377,19
426030,426030.KS,TIME 미국나스닥100액티브,EQUITY,367,OTHER,RISK,48315.0,0.3259952281901416,-0.004402580116719568,0.06611117202061179,0.057991513437057884,-0.20490596892886348,-0.20981634974809038,0.5304100371245672,0.7859553669053604,-0.3457391582142001,26525.0,139245.0,0.9423996175908222,-18.3566,0.40540540540540543,0.5540540540540541,0.20270270270270271,0.2972972972972973,0.4047297297297298,3
481060,481060.KS,KODEX 미국30년국채타겟커버드콜(합성 H),DEFENSIVE,367,BOND,HEDGE,7125.0,-1.0023953112698314,-0.029931972789115635,-0.021276595744680882,-0.036426085091640914,-0.06433222183227805,-0.055312296252092996,0.09969652074431554,0.34047483734479406,-0.09136882395924328,7253.0,441883.0,0.9153919694072659,-2.5105,0.05405405405405406,0.43243243243243246,0.5945945945945946,0.8918918918918919,0.3986486486486487,31
305720,305720.KS,KODEX 2차전지산업,EQUITY,367,OTHER,RISK,14795.0,0.06210230093550931,0.023734729493891882,0.0027350427350427697,-0.031053848695077657,-0.010458839406207843,-0.05417607223476295,0.6565883910514423,0.524308190894007,-0.49034664326458977,17843.0,1907446.0,0.9671128107074569,-5.1325,0.25675675675675674,0.7297297297297297,0.3918918918918919,0.13513513513513514,0.3716216216216216,32
144600,144600.KS,KODEX 은선물(H),REAL_ASSET,367,SILVER,DIVERSIFIER,10250.0,0.4231581119509354,-0.03914259086672878,-0.002418964683115643,-0.07657859381997312,0.10444563470808776,-0.08314806580702538,0.38844259816647925,0.4567579753151366,-0.5465487595185459,7483.0,176865.0,0.9005736137667304,5.2993,0.5135135135135135,0.32432432432432434,0.4189189189189189,0.02702702702702703,0.3682432432432432,33
329200,329200.KS,TIGER 리츠부동산인프라,EQUITY,367,OTHER,RISK,4075.0,-0.23796274120081537,-0.001225490196078427,0.0012285012285011554,0.00816427511133111,0.031280970187063106,-0.007664394228910187,0.11792787870773633,0.10676999426115054,-0.23015042447779244,15719.0,744152.0,0.9593690248565965,4.703,0.16216216216216217,0.6621621621621622,0.8243243243243243,0.5540540540540541,0.3614864864864865,34
453850,453850.KS,ACE 미국30년국채액티브(H),DEFENSIVE,367,BOND,HEDGE,6915.0,-1.0701720536598622,-0.03421787709497204,-0.024682651622002783,-0.04211109571962879,-0.08106443473463687,-0.06951770889550568,0.11719532769037215,0.3647041497064093,-0.1158519549977216,14314.0,930932.0,0.9551147227533461,-4.0059,0.04054054054054054,0.6216216216216216,0.527027027027027,0.8378378378378378,0.3614864864864865,31
476550,476550.KS,TIGER 미국30년국채커버드콜액티브(H),DEFENSIVE,367,BOND,HEDGE,6565.0,-1.079668289286039,-0.03000739098300076,-0.022056631892697465,-0.03867565191913269,-0.07997829569149217,-0.06819152841129938,0.10938165854839908,0.3850872217683975,-0.10671210108482265,7523.0,608850.0,0.921940726577438,-4.2036,0.02702702702702703,0.4594594594594595,0.4594594594594595,0.8648648648648649,0.3445945945945946,31
0072R0,0072R0.KS,TIGER KRX금현물,REAL_ASSET,309,GOLD,HEDGE,12405.0,-0.14103143846881597,-0.016975917883932046,-0.02734375,-0.09090909090909094,-0.040462427745664775,-0.10367170626349897,0.23179288131283207,0.34338266854219784,-0.318319977894446,11580.0,238202.0,0.9325525812619503,-4.6311,0.1891891891891892,0.4864864864864865,0.581081081081081,0.40540540540540543,0.34121621621621623,35
284430,284430.KS,KODEX 200미국채혼합50,DEFENSIVE,367,BOND,HEDGE,20850.0,0.2806280597124322,-0.003094501309212072,0.018482490272373475,-0.004441222058502947,-0.1738147815247586,-0.14456027229736257,0.41120378241169053,0.9735660043827299,-0.25247748914066037,20083.0,147504.0,0.9397705544933078,-13.2319,0.3918918918918919,0.5,0.0945945945945946,0.4864864864864865,0.34121621621621623,5
484790,484790.KS,KODEX 미국30년국채액티브(H),DEFENSIVE,367,BOND,HEDGE,7940.0,-1.090263553901835,-0.03168799512492382,-0.023355869698832188,-0.04277108433734944,-0.07995552943483453,-0.0694744268109877,0.11347913603425511,0.38612794244327003,-0.11457815814782835,5731.0,671450.0,0.9030592734225621,-4.1295,0.013513513513513514,0.33783783783783783,0.44594594594594594,0.8513513513513513,0.3310810810810811,31
411060,411060.KS,ACE KRX금현물,REAL_ASSET,367,GOLD,HEDGE,26030.0,-0.12049591289034325,-0.015819209039548032,-0.025908667287977583,-0.0904977375565611,-0.03614902250092222,-0.10283261802575105,0.23817904790282854,0.37110928208321575,-0.3209290050145157,38941.0,227487.0,0.9625717017208413,-4.2035,0.20270270270270271,0.7027027027027027,0.5135135135135135,0.36486486486486486,0.32094594594594594,35
229200,229200.KS,KODEX 코스닥150,EQUITY,367,BROAD_MARKET,RISK,14380.0,-0.2486429863651204,0.015547703180212036,0.04130434782608705,-0.008965517241379284,-0.09451795841209831,-0.1356390977443609,0.6665071653350433,0.6546421433463374,-0.4967030740380648,48144.0,4887787.0,0.9909655831739962,-11.1739,0.14864864864864866,0.9054054054054054,0.25675675675675674,0.10810810810810811,0.3162162162162162,36
0041D0,0041D0.KS,KODEX 미국AI소프트웨어TOP10,EQUITY,349,AI_TECH,RISK,14080.0,0.12472992656839618,0.00821722043586992,0.002842928216062468,0.07627765064836001,0.17263644848435655,0.0,0.41424204082686356,0.2538687356493298,-0.3499576096243685,535.0,16418.0,0.5579827915869982,15.2357,0.28378378378378377,0.14864864864864866,0.6756756756756757,0.28378378378378377,0.31554054054054054,14
371470,371470.KS,TIGER 차이나바이오테크SOLACTIVE,EQUITY,367,BIO_HEALTHCARE,RISK,8495.0,-0.02820330744729793,-0.03246013667425973,0.010107015457788249,-0.03465909090909092,0.08354591836734704,-0.0639118457300275,0.36581734297451857,0.22809503914128976,-0.25963880024725716,449.0,10653.0,0.5163240917782026,16.6002,0.22972972972972974,0.13513513513513514,0.7027027027027027,0.47297297297297297,0.28175675675675677,37
232080,232080.KS,TIGER 코스닥150,EQUITY,367,BROAD_MARKET,RISK,14655.0,-0.2572554538454523,0.018415566365531655,0.04306049822064062,-0.008792695299289832,-0.09425216316440055,-0.13514311006196522,0.6525965051789239,0.6487342986600587,-0.4958963209893559,14441.0,2287113.0,0.959416826003824,-11.5551,0.13513513513513514,0.6756756756756757,0.2702702702702703,0.12162162162162163,0.2635135135135135,36
150460,150460.KS,TIGER 중국소비테마,EQUITY,367,OTHER,RISK,7380.0,-0.08180909342051032,0.00889801505817922,-0.009408602150537626,-0.06293706293706292,0.07278020378457062,-0.1050394656952034,0.32540777880961747,0.24283756226839773,-0.1832943124039258,542.0,225.0,0.3949330783938815,7.9025,0.21621621621621623,0.06756756756756757,0.6891891891891891,0.6621621621621622,0.2574324324324324,38
489030,489030.KS,PLUS 고배당주위클리커버드콜,EQUITY,367,DIVIDEND,RISK,6330.0,-0.7921623294027115,0.009584664536741228,-0.029185867895545337,-0.027991387265456802,0.1066464398447986,-0.06022304832713754,0.28890189250751946,-0.22278950913106788,-0.40643581112854965,3067.0,154589.0,0.8273900573613767,9.4214,0.08108108108108109,0.2702702702702703,0.9594594594594594,0.1891891891891892,0.25067567567567567,39
0018C0,0018C0.KS,PLUS 고배당주위클리고정커버드콜,EQUITY,367,DIVIDEND,RISK,10470.0,-0.18078559877767308,0.002395783421178743,-0.014601978332548282,-0.009233216342938166,0.07452798341916522,-0.034961543212451596,0.21697539456832082,0.29823819439666555,-0.31341870153067586,801.0,25896.0,0.6185946462715106,7.9033,0.17567567567567569,0.1891891891891892,0.6216216216216216,0.4189189189189189,0.24527027027027026,40
466920,466920.KS,SOL 조선TOP3플러스,EQUITY,367,OTHER,RISK,26895.0,-0.5116244769844828,0.005432746346946349,-0.04263289332857656,-0.05726330581415773,-0.17329020332717193,-0.1881712297685676,0.5914543735645409,0.5238252191986934,-0.39807181015724247,14268.0,267394.0,0.940774378585086,-17.877,0.0945945945945946,0.527027027027027,0.40540540540540543,0.2702702702702703,0.2277027027027027,41
227540,227540.KS,TIGER 200 헬스케어,EQUITY,367,BIO_HEALTHCARE,RISK,18255.0,-0.3141692517225303,0.00164473684210531,-0.018796992481203034,-0.09194831013916505,0.0010958904109588108,-0.11116516662612508,0.39406754985477876,0.32941053945215004,-0.3384794951808344,303.0,11772.0,0.46407743785850863,7.9289,0.10810810810810811,0.10810810810810811,0.6081081081081081,0.32432432432432434,0.18310810810810813,42
