symbol,ticker,name,bucket,history_sessions,momentum_score,return_1d,return_5d,return_20d,return_63d,peak_drawdown_60d,annual_vol_63d,corr_market_126d,max_drawdown_252d,market_cap_raw,volume,liquidity_score,return_3m_listing,momentum_pct,liquidity_pct,diversification_pct,drawdown_resilience_pct,screen_score,cluster_id
130680,130680.KS,TIGER 원유선물Enhanced(H),REAL_ASSET,367,0.9121850329775387,-0.04582548650345264,-0.10535609181871686,0.13857677902621712,0.28595600676818944,-0.10535609181871686,0.48212085273940913,-0.34405042089696297,-0.323780487804878,160.0,44369.0,0.3759433962264151,27.731,0.9864864864864865,0.05405405405405406,0.9594594594594594,0.33783783783783783,0.8175675675675675,0
271060,271060.KS,KODEX 3대농산물선물(H),REAL_ASSET,367,0.6178795608088915,-0.01966138722009836,-0.01751505199781067,0.017573696145124718,0.17090671885192443,-0.03338718362950999,0.2269124428275598,-0.03474933423760734,-0.13978494623655913,277.0,39883.0,0.44910377358490566,16.8619,0.7432432432432432,0.12162162162162163,0.9594594594594594,0.7567567567567568,0.8006756756756757,1
395270,395270.KS,HANARO Fn K-반도체,EQUITY,367,0.8699796516076235,0.022437234131287065,0.10352898811667277,0.11294715816233891,-0.23943661971830987,-0.24769853933963426,1.0400703463111065,0.9536159596695931,-0.5349980227105813,38306.0,942388.0,0.9703773584905659,-22.8669,0.9459459459459459,0.7567567567567568,0.13513513513513514,0.05405405405405406,0.7864864864864866,2
458730,458730.KS,TIGER 미국배당다우존스,EQUITY,367,0.6123144849114325,-0.0010330578512396382,-0.021255060728744946,-0.05657817513853003,-0.06075749015030096,-0.07446499268295492,0.11282925299220348,-0.2431968886298478,-0.08378568470879433,42623.0,1835740.0,0.9807075471698112,-5.6633,0.7297297297297297,0.8378378378378378,0.9594594594594594,0.8783783783783784,0.7858108108108108,3
381180,381180.KS,TIGER 미국필라델피아반도체나스닥,EQUITY,367,0.8424141098848155,0.025761392260132743,0.11624719661101413,0.07422062350119907,-0.1908189814942547,-0.21750226202352507,0.5226726631973921,0.7562075967310938,-0.3201210563553064,61033.0,1065033.0,0.9787264150943396,-20.552,0.8783783783783784,0.8243243243243243,0.20270270270270271,0.36486486486486486,0.7662162162162162,4
314250,314250.KS,KODEX 미국빅테크10(H),EQUITY,367,1.0698929746931904,0.004239901325932882,0.047691812771433195,0.06031255087090992,0.15109208903771765,0.0,0.23617089373974556,0.6383802079477673,-0.2376738816214342,6794.0,61858.0,0.8225,15.0603,1.0,0.25675675675675674,0.3108108108108108,0.4864864864864865,0.747972972972973,5
091170,091170.KS,KODEX 은행,EQUITY,367,0.8471136216586174,-0.01944943147815681,-0.02353992848629316,0.02397862675066542,0.1384483479028844,-0.046829552065154156,0.32530824018331483,0.29202998708067435,-0.19045515531944268,2925.0,673996.0,0.8351415094339623,13.7774,0.918918918918919,0.2972972972972973,0.6081081081081081,0.6081081081081081,0.7479729729729729,6
261220,261220.KS,KODEX WTI원유선물(H),REAL_ASSET,367,0.8363955128341656,-0.04571219601389653,-0.10449553877831164,0.14652899824253085,0.29311199207135785,-0.10449553877831164,0.49344739634163454,-0.32757201323492324,-0.34131004366812223,502.0,99739.0,0.5747169811320755,28.737,0.8648648648648649,0.17567567567567569,0.9594594594594594,0.2972972972972973,0.7466216216216217,0
472160,472160.KS,TIGER 미국테크TOP10 INDXX(H),EQUITY,367,0.9053881609127373,0.0025374270489724182,0.05219707057256984,0.07102195716996484,0.11389906963631247,0.0,0.20687254704594474,0.5477413567118454,-0.18576585543068713,2361.0,144041.0,0.7632075471698112,11.2644,0.972972972972973,0.24324324324324326,0.36486486486486486,0.6351351351351351,0.735810810810811,5
395160,395160.KS,KODEX AI반도체TOP2플러스,EQUITY,367,0.6937364566237392,0.027210884353741527,0.1058717718103559,0.11446329146704648,-0.2522154648132059,-0.25712066286897983,1.0473256280516132,0.9490974478331256,-0.5365079365079365,43078.0,3920849.0,0.9849528301886792,-24.1006,0.8108108108108109,0.8783783783783784,0.16216216216216217,0.04054054054054054,0.727027027027027,2
091160,091160.KS,KODEX 반도체,EQUITY,367,0.7006429046073983,0.02710413694721825,0.09945184025058729,0.12590216519647157,-0.18105459636024268,-0.1905448255981551,0.9685723100070048,0.9588966205216116,-0.5026414292919907,60407.0,1695607.0,0.9827358490566038,-15.8173,0.8243243243243243,0.8648648648648649,0.12162162162162163,0.0945945945945946,0.727027027027027,2
418670,418670.KS,TIGER 글로벌AI사이버보안,EQUITY,367,0.8454426062423743,0.014527205493924944,0.027005347593582973,0.16961023142509135,0.2109079445145019,0.0,0.4821007133714145,0.2563477524323957,-0.3190901536074535,653.0,112740.0,0.608867924528302,27.2697,0.9054054054054054,0.1891891891891892,0.6621621621621622,0.3783783783783784,0.7256756756756758,7
484880,484880.KS,SOL 금융지주플러스고배당,EQUITY,367,0.8439047339246939,-0.016781411359724663,-0.020784229697878742,0.029761073813216132,0.13072827939906095,-0.04533110507624816,0.3316261284501608,0.379130641587417,-0.19932503469532825,3519.0,472648.0,0.8436320754716982,12.0588,0.8918918918918919,0.32432432432432434,0.5,0.581081081081081,0.7195945945945945,6
466940,466940.KS,TIGER 은행고배당플러스TOP10,EQUITY,367,0.8201490682550562,-0.009397457158651146,-0.01897810218978102,0.028868984675021192,0.11487211449875034,-0.03655913978494618,0.29435841497974374,0.3856092537205933,-0.20249414043484826,8387.0,714224.0,0.9189622641509434,10.9772,0.8513513513513513,0.44594594594594594,0.4594594594594595,0.5675675675675675,0.7114864864864864,6
219390,219390.KS,RISE 미국S&P원유생산기업(합성 H),REAL_ASSET,367,0.5930510365453598,-0.022360248447204967,-0.08435136707388013,0.0006357279084552303,0.15565345080763593,-0.08435136707388013,0.3079169754031513,-0.3051176249294176,-0.23339110340843439,157.0,30866.0,0.3565801886792453,16.5925,0.6756756756756757,0.013513513513513514,0.9594594594594594,0.5135135135135135,0.706081081081081,8
448330,448330.KS,KODEX 삼성전자채권혼합,DEFENSIVE,367,0.8974010644121102,0.007092198581560183,0.037708272434960444,0.021419577650647392,-0.02841927086757734,-0.03131636516814895,0.29783402078018245,0.9495443771830678,-0.14973316459943942,13117.0,576141.0,0.9343867924528302,-0.3681,0.9594594594594594,0.5135135135135135,0.14864864864864866,0.7432432432432432,0.7027027027027026,9
069500,069500.KS,KODEX 200,EQUITY,367,0.6443418010885471,0.011306757239899934,0.06374277252855731,0.05045956735679136,-0.17929319260170662,-0.18186936243525742,0.7927761566974922,0.9999999999999999,-0.40807965612592445,260516.0,20168647.0,0.9990094339622642,-14.6419,0.7702702702702703,0.9864864864864865,0.013513513513513514,0.16216216216216217,0.7000000000000001,2
102110,102110.KS,TIGER 200,EQUITY,367,0.6428988623592858,0.010518809056872858,0.06341463414634152,0.049726826558014636,-0.1787846668679982,-0.1813015957703712,0.7977642013436149,0.9994661451499887,-0.4062640862519027,103611.0,15602772.0,0.9952830188679245,-14.8861,0.7567567567567568,0.918918918918919,0.02702702702702703,0.21621621621621623,0.6797297297297297,2
148020,148020.KS,RISE 200,EQUITY,367,0.6455649170346964,0.010912478374661694,0.06381290262347128,0.051056175629554446,-0.17771330265634566,-0.18192877101301785,0.7917866653893363,0.9994573382461739,-0.40792196325021324,46091.0,717606.0,0.9720283018867923,-14.9328,0.7837837837837838,0.7702702702702703,0.04054054054054054,0.17567567567567569,0.6695945945945946,2
278530,278530.KS,KODEX 200TR,EQUITY,367,0.6644772198938957,0.010238065869002,0.06336016619059981,0.050404001539053445,-0.1817364372065141,-0.17522658610271902,0.7662973912891725,0.9981494888571677,-0.4062412407736149,79914.0,412823.0,0.9607547169811321,-14.9091,0.7972972972972973,0.6891891891891891,0.05405405405405406,0.22972972972972974,0.6641891891891892,2
379810,379810.KS,KODEX 미국나스닥100,EQUITY,367,0.5891396589566684,0.008935083880379224,0.05190114068441054,0.03594832428384187,-0.0810676044424633,-0.10766053518016061,0.22114397881753076,0.6451110551582583,-0.16555857744842783,98460.0,22981525.0,0.9959905660377358,-8.6466,0.6621621621621622,0.9594594594594594,0.2702702702702703,0.6891891891891891,0.6628378378378379,10
091220,091220.KS,TIGER 은행,EQUITY,367,0.8116688003479758,-0.016402877697841767,-0.024821683309557807,0.025810324129651896,0.14045240225304423,-0.0484409799554566,0.33408034904025585,0.2849222868206708,-0.18873917742066015,202.0,19092.0,0.3675235849056604,13.4752,0.8378378378378378,0.04054054054054054,0.6216216216216216,0.6216216216216216,0.645945945945946,6
289480,289480.KS,TIGER 200커버드콜,EQUITY,367,0.848719751771965,0.006028636021100153,0.05200945626477549,0.06564509085625314,0.11439959423020385,0.0,0.46583177433013856,0.8709533088976544,-0.1849414962120416,280.0,10556.0,0.390566037735849,13.4485,0.9324324324324325,0.06756756756756757,0.17567567567567569,0.6486486486486487,0.645945945945946,11
133690,133690.KS,TIGER 미국나스닥100,EQUITY,367,0.580672352078119,0.008972401003599861,0.051230323350571094,0.035576330963444036,-0.0815039699081267,-0.10842499013276286,0.22209009333208682,0.6449235468001735,-0.1659482906315356,121313.0,5613942.0,0.9958018867924527,-8.6487,0.6351351351351351,0.9459459459459459,0.28378378378378377,0.6756756756756757,0.6445945945945946,10
472150,472150.KS,TIGER 배당커버드콜액티브,EQUITY,367,0.6114658098246086,0.013568198048083735,0.06503251625812911,0.05224565398241987,-0.17008604077667389,-0.1702576183362251,0.7692907299099002,0.9917201456193442,-0.4063432598579415,27079.0,4248064.0,0.9758018867924527,-15.7098,0.7162162162162162,0.8108108108108109,0.08108108108108109,0.20270270270270271,0.6398648648648648,2
498400,498400.KS,KODEX 200타겟위클리커버드콜,EQUITY,367,0.6070527633200387,0.009615384615384581,0.05953582240161448,0.045530764392676115,-0.17690401232500508,-0.1787528576948726,0.7110948806066911,0.9946699346419349,-0.3982083513633706,61887.0,4104973.0,0.9895754716981131,-14.6435,0.6891891891891891,0.8918918918918919,0.06756756756756757,0.24324324324324326,0.6364864864864864,2
0043B0,0043B0.KS,TIGER 머니마켓액티브,DEFENSIVE,347,0.225182681729968,0.00014456437933696442,0.0010128291694799785,0.0029961822838640018,0.009582644226092008,0.0,0.0012530630395145223,0.07157634996142391,0.0,31602.0,117484.0,0.9033490566037736,0.968,0.35135135135135137,0.36486486486486486,0.8513513513513513,0.9864864864864865,0.6351351351351351,12
379800,379800.KS,KODEX 미국S&P500,EQUITY,367,0.46211181396604895,0.00042016806722688926,0.015135365593690109,-0.004598662207357829,-0.07029582217601682,-0.09042994829112405,0.14434957095764822,0.35035184062189856,-0.11697976710412983,103883.0,20844085.0,0.9968867924528302,-7.0192,0.5405405405405406,0.972972972972973,0.5405405405405406,0.8108108108108109,0.6270270270270271,13
488770,488770.KS,KODEX 머니마켓액티브,DEFENSIVE,367,0.21048390410289802,0.00047350726833661483,0.0010897375153984257,0.0029429914083638486,0.008977603743851814,0.0,0.0015235655887570222,0.06866478773467628,0.0,96214.0,998236.0,0.9808490566037735,0.9025,0.32432432432432434,0.8513513513513513,0.8648648648648649,0.9864864864864865,0.625,14
469830,469830.KS,SOL 초단기채권액티브,DEFENSIVE,367,0.21476372093380963,0.0003670398238209138,0.0011938653687206813,0.0031284504968716043,0.00935098601981288,0.0,0.002401443408876091,0.06477790721154773,-0.00018559938839879386,10431.0,337940.0,0.9100943396226415,0.9257,0.33783783783783783,0.3918918918918919,0.8918918918918919,0.9324324324324325,0.625,15
481180,481180.KS,SOL 미국AI소프트웨어,EQUITY,366,0.6107414973188496,-0.0033042955842594868,0.0048455481526348265,0.06825499034127502,0.14374353671147877,-0.021527572987319332,0.35774670769423667,0.21122109099096675,-0.3373860581309911,1418.0,137332.0,0.709433962264151,17.5761,0.7027027027027027,0.21621621621621623,0.7162162162162162,0.32432432432432434,0.6074324324324324,16
360750,360750.KS,TIGER 미국S&P500,EQUITY,367,0.44994423658040583,-0.0009532888465204614,0.015503875968992276,-0.005126257831782777,-0.07009966703711834,-0.09038838254327397,0.14800380558668272,0.38231459232317555,-0.1172948330596465,209037.0,27225020.0,0.9993867924528301,-7.0135,0.5135135135135135,1.0,0.47297297297297297,0.7972972972972973,0.6047297297297297,13
367380,367380.KS,ACE 미국나스닥100,EQUITY,367,0.5845514379940203,0.008723235527359208,0.05193516374462459,0.03515625,-0.08155725955946835,-0.10792714036997886,0.2207529398481976,0.639577749510234,-0.16515445589341415,36061.0,581513.0,0.9598584905660378,-8.6301,0.6486486486486487,0.6756756756756757,0.2972972972972973,0.7027027027027027,0.6013513513513514,10
423160,423160.KS,KODEX KOFR금리액티브(합성),DEFENSIVE,367,0.10562222175241065,0.0004510193036262322,0.0009476106673886875,0.002784405605089857,0.0074398721511477195,0.0,0.0015504972638257003,0.04323855185147035,-4.5086185281872915e-05,36000.0,235615.0,0.9325,0.7475,0.2702702702702703,0.5,0.9054054054054054,0.9594594594594594,0.6013513513513513,17
459580,459580.KS,KODEX CD금리액티브(합성),DEFENSIVE,367,0.1283096865580615,8.366606086251949e-05,0.0008745365653972659,0.0026584599526000563,0.007557536141366006,0.0,0.0012532862643681838,0.08447617945549094,0.0,69792.0,503244.0,0.9667452830188679,0.7631,0.2972972972972973,0.7297297297297297,0.8243243243243243,0.9864864864864865,0.6013513513513513,18
357870,357870.KS,TIGER CD금리투자KIS(합성),DEFENSIVE,367,0.14006101856743275,0.00017207261464347035,0.0010333247222940045,0.0028467908902691796,0.008064516129032251,0.0,0.0015731658258925985,0.11409840636273524,-8.843380549883317e-05,33811.0,154555.0,0.914811320754717,0.8239,0.3108108108108108,0.4189189189189189,0.7837837837837838,0.9459459459459459,0.5878378378378378,19
396500,396500.KS,TIGER 반도체TOP10,EQUITY,367,0.5281043947518719,0.026312361599583278,0.09735376044568245,0.1193351328313681,-0.224507874015748,-0.22830558276199808,1.0166689308851349,0.9609574361635683,-0.5250583797377403,104791.0,6832752.0,0.9955188679245283,-20.0264,0.581081081081081,0.9324324324324325,0.10810810810810811,0.08108108108108109,0.5804054054054053,2
360200,360200.KS,ACE 미국S&P500,EQUITY,367,0.46510690344448347,0.0001888217522658664,0.015529141104294375,-0.005258215962441359,-0.0697297903223173,-0.0899773096968347,0.1431529189648719,0.34653789337475305,-0.11694985309453099,40045.0,501670.0,0.9593396226415094,-7.0253,0.5540540540540541,0.6486486486486487,0.5540540540540541,0.8243243243243243,0.572972972972973,13
486290,486290.KS,TIGER 미국나스닥100타겟데일리커버드콜,EQUITY,367,0.5102162516671396,0.00704556129638334,0.047386419149975545,0.029878569934167043,-0.08567590457222019,-0.1114451797029371,0.21670555330191182,0.6374846753997016,-0.1644932286758961,26119.0,1352327.0,0.9669811320754716,-9.0867,0.5675675675675675,0.7432432432432432,0.32432432432432434,0.7162162162162162,0.5662162162162163,10
214980,214980.KS,KODEX 단기채권PLUS,DEFENSIVE,367,0.01493783978119939,0.00021848372296262575,0.00021848372296262575,0.0014063136256430298,0.0068847365921045345,0.0,0.002271359905771065,0.06843111655686755,-0.0008279100437200704,18230.0,152521.0,0.9031132075471698,0.692,0.22972972972972974,0.35135135135135137,0.8783783783783784,0.918918918918919,0.5641891891891893,20
0008T0,0008T0.KS,SOL 화장품TOP3플러스,EQUITY,367,0.5600176589522917,0.0002875215641173767,-0.02220348510399106,-0.11901747277791841,0.3049512378094523,-0.16350084154844913,0.5253726460739815,0.15989462053280448,-0.2521519862071462,992.0,1219980.0,0.7256132075471698,32.7355,0.6216216216216216,0.22972972972972974,0.7432432432432432,0.47297297297297297,0.5614864864864865,21
161510,161510.KS,PLUS 고배당주,EQUITY,367,0.5366707228744372,-0.006609252954135836,-0.01017760925962885,-0.019827693279617975,0.05190918667577282,-0.032572654573824855,0.24650702228324128,0.5779164243710082,-0.20680673075493206,23801.0,501807.0,0.9480188679245283,4.8966,0.5945945945945946,0.5945945945945946,0.33783783783783783,0.5540540540540541,0.5560810810810811,22
381170,381170.KS,TIGER 미국테크TOP10 INDXX,EQUITY,367,0.4407544525527797,0.0025094102885820924,0.04512753433616745,0.05252758109665723,-0.011902921626217311,-0.03763926528154171,0.22911733075801666,0.41576924486737826,-0.15707400056705412,39455.0,1114447.0,0.9726415094339623,-1.1598,0.5,0.7837837837837838,0.43243243243243246,0.7297297297297297,0.5466216216216216,23
455890,455890.KS,RISE 머니마켓액티브,DEFENSIVE,367,0.010436239510303383,0.00017988846914906986,0.0009901881357456954,0.0028860028860029363,0.008799782273428258,0.0,0.0013331420758934472,0.10661558003930043,-0.013736013826980753,30969.0,431266.0,0.9476415094339623,0.8891,0.21621621621621623,0.581081081081081,0.8108108108108109,0.9054054054054054,0.5371621621621622,24
487240,487240.KS,KODEX AI전력핵심설비,EQUITY,367,0.42324253548272456,-0.0058792089791555036,0.055618615209988675,0.06958021851638874,-0.09074009413979356,-0.20250957588100615,0.9167731147267327,0.6917774918586698,-0.6003025705614549,32662.0,1797455.0,0.973632075471698,-11.391,0.4864864864864865,0.7972972972972973,0.22972972972972974,0.013513513513513514,0.5101351351351352,25
228790,228790.KS,TIGER 화장품,EQUITY,367,0.4607572491083879,-0.0011764705882353343,-0.024137931034482807,-0.12293388429752061,0.2786144578313252,-0.16519174041297935,0.4667699790888158,0.17176223171123722,-0.2346168342129321,2437.0,3465128.0,0.830377358490566,31.6279,0.527027027027027,0.28378378378378377,0.7297297297297297,0.5,0.5087837837837837,21
441640,441640.KS,KODEX 미국배당커버드콜액티브,EQUITY,367,0.30441299086020257,-0.0004050222762251865,0.0,-0.029475655439341386,-0.06677248428725024,-0.08136477978551204,0.11297312891191934,0.25729478920705845,-0.0937195255203026,16986.0,830076.0,0.9540566037735849,-5.8858,0.3783783783783784,0.6216216216216216,0.6351351351351351,0.8513513513513513,0.4655405405405405,26
438080,438080.KS,ACE 미국S&P500미국채혼합50액티브,DEFENSIVE,367,-0.21774870431953125,-0.0014372978799855884,0.004699927693420092,-0.014539007092198575,-0.09301566579634468,-0.10757867694283885,0.10535752156370498,0.1209526322794376,-0.12652536929993574,12394.0,307199.0,0.9133962264150943,-9.2424,0.13513513513513514,0.40540540540540543,0.7702702702702703,0.7837837837837838,0.4560810810810811,27
455850,455850.KS,SOL AI반도체소부장,EQUITY,367,0.3909973228918245,0.03676470588235303,0.10288808664259919,0.15089995814148183,-0.02153024911032031,-0.11306451612903223,0.9278901130049927,0.750240917049882,-0.5288011695906433,11493.0,1953530.0,0.9466981132075472,-2.0834,0.4594594594594595,0.5675675675675675,0.21621621621621623,0.06756756756756757,0.4445945945945946,28
0048J0,0048J0.KS,KODEX 미국머니마켓액티브,DEFENSIVE,335,-1.0219560848512326,0.0011061946902655162,-0.00658616904500553,-0.016576801815903153,-0.11147973702336511,-0.1192127051134173,0.09210450853953955,-0.32158309684131603,-0.13510905039866317,9139.0,734157.0,0.9245283018867925,-11.0682,0.013513513513513514,0.4594594594594595,0.9594594594594594,0.7702702702702703,0.43918918918918914,29
498410,498410.KS,KODEX 금융고배당TOP10타겟위클리커버드콜,EQUITY,367,0.22638933612641232,-0.006339814032121693,-0.015081692501047295,0.0067085074760555585,0.10478390432999007,-0.04469993107337056,0.27704551847035247,0.22658629012466805,-0.26239664784812256,8346.0,1790733.0,0.9279245283018868,9.3146,0.36486486486486486,0.47297297297297297,0.7027027027027027,0.43243243243243246,0.4371621621621622,6
426030,426030.KS,TIME 미국나스닥100액티브,EQUITY,367,0.377426095629442,0.021011917206773978,0.0976623960440548,0.08691297574003998,-0.183975269446069,-0.20632211929140254,0.532796699536126,0.7860828325098149,-0.3457391582142001,26771.0,508198.0,0.951745283018868,-18.3566,0.4189189189189189,0.6081081081081081,0.1891891891891892,0.28378378378378377,0.4222972972972973,4
0083S0,0083S0.KS,1Q 미국메디컬AI,EQUITY,288,0.415175290482216,0.010970464135021007,0.10262310170271505,0.0663106364040944,0.14545750623359432,0.0,0.43257005283572203,0.35134918529589326,-0.28841737962806635,335.0,37891.0,0.48141509433962265,18.2192,0.47297297297297297,0.14864864864864866,0.527027027027027,0.4189189189189189,0.41621621621621624,30
144600,144600.KS,KODEX 은선물(H),REAL_ASSET,367,0.5432178261328691,0.01417769376181477,0.024343675417661137,-0.0393912264995524,0.05818540433925046,-0.045798132503334865,0.4155090285958681,0.4541763481984528,-0.5465487595185459,7822.0,335538.0,0.8925471698113208,5.2993,0.6081081081081081,0.33783783783783783,0.40540540540540543,0.02702702702702703,0.41216216216216217,31
266410,266410.KS,KODEX 필수소비재,EQUITY,367,0.38219744186289717,-0.0026109660574412663,0.005792522380200005,-0.07640232108317213,0.11031369381969047,-0.10244360902255634,0.3365441830731916,0.08105828735663319,-0.19437918751969196,115.0,75950.0,0.361816037735849,12.1862,0.43243243243243246,0.02702702702702703,0.8378378378378378,0.5945945945945946,0.41216216216216217,32
117700,117700.KS,KODEX 건설,EQUITY,367,0.387305564618625,-0.046575342465753455,-0.029288702928870314,-0.02384291725105192,0.08555535585361906,-0.07261825449700199,0.6937148654988052,0.559809005360877,-0.4728923308767533,2394.0,3146164.0,0.8275471698113208,9.8372,0.44594594594594594,0.2702702702702703,0.35135135135135137,0.14864864864864866,0.3966216216216216,33
479850,479850.KS,HANARO K-뷰티,EQUITY,367,0.34999467323339545,-0.004526166902404483,-0.017587939698492483,-0.12896039603960396,0.19775357385976866,-0.16214285714285714,0.4468535354611362,0.15535916875069505,-0.22099980988134993,238.0,36849.0,0.42452830188679247,23.8648,0.40540540540540543,0.0945945945945946,0.7567567567567568,0.5405405405405406,0.39594594594594595,21
481060,481060.KS,KODEX 미국30년국채타겟커버드콜(합성 H),DEFENSIVE,367,-0.6136275697551443,0.006160164271047153,0.01379310344827589,-0.00602966934876481,-0.026163510050161043,-0.03974039920613748,0.0824612300706036,0.3803100800266754,-0.08035760232558997,7482.0,940928.0,0.9154716981132076,-2.5105,0.06756756756756757,0.43243243243243246,0.4864864864864865,0.8918918918918919,0.3783783783783784,34
305720,305720.KS,KODEX 2차전지산업,EQUITY,367,0.02593582874975625,0.0013981125480602152,-0.025510204081632626,0.0017482517482516613,-0.07401422107304456,-0.07610448242502421,0.6602927881940734,0.5282431598507602,-0.49034664326458977,16904.0,2010024.0,0.9623584905660376,-5.1325,0.24324324324324326,0.7162162162162162,0.3783783783783784,0.13513513513513514,0.3581081081081081,35
329200,329200.KS,TIGER 리츠부동산인프라,EQUITY,367,-0.17421548676194823,-0.0024449877750610804,0.006165228113440113,0.0032464456768748207,0.04154732820730822,-0.006446804528577599,0.11900145994671843,0.10899649166218689,-0.230150396826576,15706.0,3209630.0,0.9609433962264151,4.703,0.14864864864864866,0.7027027027027027,0.7972972972972973,0.527027027027027,0.3567567567567568,36
453850,453850.KS,ACE 미국30년국채액티브(H),DEFENSIVE,367,-0.7217235808582304,0.004912280701754312,0.014164305949008416,-0.005427335433258684,-0.03902927780727172,-0.05112904454232314,0.09780448443358325,0.40600842914186397,-0.10055177467720022,14878.0,692028.0,0.9446226415094339,-4.0059,0.05405405405405406,0.5540540540540541,0.44594594594594594,0.8378378378378378,0.34797297297297297,34
476550,476550.KS,TIGER 미국30년국채커버드콜액티브(H),DEFENSIVE,367,-0.7418776886965471,0.0,0.01272455089820368,-0.008217181561844367,-0.04305397864824134,-0.05320170874064534,0.09399792206091959,0.4220308372219667,-0.09269060621517888,7739.0,603917.0,0.9084905660377358,-4.2036,0.04054054054054054,0.3783783783783784,0.4189189189189189,0.8648648648648649,0.34121621621621623,34
284430,284430.KS,KODEX 200미국채혼합50,DEFENSIVE,367,0.3303072396293521,0.005745750538664218,0.02864838393731639,0.004132283104621992,-0.14555635772994868,-0.15361717345206738,0.4166461888345844,0.9733186670895063,-0.2524774315363354,20366.0,296997.0,0.9290094339622641,-13.2319,0.3918918918918919,0.4864864864864865,0.0945945945945946,0.4594594594594595,0.3344594594594595,2
0072R0,0072R0.KS,TIGER KRX금현물,REAL_ASSET,308,-0.05750043059482224,0.003963535473642477,-0.00666666666666671,-0.08819294456443483,-0.04451150509241797,-0.08819294456443483,0.23316410543539356,0.34526202620863156,-0.318319977894446,11842.0,904584.0,0.9402830188679245,-4.6311,0.1891891891891892,0.527027027027027,0.5675675675675675,0.3918918918918919,0.33445945945945943,37
411060,411060.KS,ACE KRX금현물,REAL_ASSET,367,-0.046124598024395,0.003970504821327214,-0.0026296018031555235,-0.08605851979345958,-0.043587896253602265,-0.088412017167382,0.24070076238521895,0.3728266414707067,-0.3209290050145157,39745.0,450622.0,0.9547641509433962,-4.2035,0.20270270270270271,0.6351351351351351,0.5135135135135135,0.35135135135135137,0.31756756756756754,37
0041D0,0041D0.KS,KODEX 미국AI소프트웨어TOP10,EQUITY,348,0.11776420690582597,-0.002139037433155133,0.013029315960912058,0.10457774269928977,0.13343759053399662,-0.006389776357827448,0.4179200377027012,0.2571440871460251,-0.34995768637005253,525.0,40627.0,0.5399528301886792,15.2357,0.28378378378378377,0.16216216216216217,0.6486486486486487,0.2702702702702703,0.3141891891891892,16
371470,371470.KS,TIGER 차이나바이오테크SOLACTIVE,EQUITY,367,0.07563372771778079,0.009195402298850519,0.06102719033232629,-0.0034052213393870323,0.11918419375398348,-0.032506887052341615,0.3591593967772133,0.23162797217595596,-0.25963880024725716,464.0,16945.0,0.47992924528301883,16.6002,0.25675675675675674,0.13513513513513514,0.6891891891891891,0.44594594594594594,0.29729729729729726,38
229200,229200.KS,KODEX 코스닥150,EQUITY,367,-0.2830553409259773,0.016522988505747183,0.02722323049001818,-0.0035211267605633756,-0.13243408951563462,-0.14887218045112782,0.6675613484538594,0.6571799290865237,-0.4967030740380648,47346.0,18504283.0,0.9900943396226415,-11.1739,0.10810810810810811,0.9054054054054054,0.24324324324324326,0.10810810810810811,0.28783783783783784,39
150460,150460.KS,TIGER 중국소비테마,EQUITY,367,-0.06388258862446489,-0.00476839237057225,-0.01814516129032262,-0.08744534665833859,0.06409322651128924,-0.1129326047358834,0.3250274593235579,0.24774576177914417,-0.1832943124039258,537.0,3841.0,0.43754716981132075,7.9025,0.17567567567567569,0.10810810810810811,0.6756756756756757,0.6621621621621622,0.23716216216216215,32
0018C0,0018C0.KS,PLUS 고배당주위클리고정커버드콜,EQUITY,367,-0.15226938745478658,-0.003818615751789989,-0.01230477993374346,-0.020761476207499796,0.08050978142141707,-0.03726804048010823,0.21738921727363908,0.3021594580697818,-0.31341870153067586,798.0,79141.0,0.6185849056603774,7.9033,0.16216216216216217,0.20270270270270271,0.5945945945945946,0.40540540540540543,0.23513513513513515,40
232080,232080.KS,TIGER 코스닥150,EQUITY,367,-0.29769686409920687,0.015167548500881756,0.02712348322626701,-0.006215469613259694,-0.13287134679120216,-0.15078194157568603,0.6530364308051538,0.6516001059327218,-0.4958963209893559,14180.0,8835731.0,0.9596698113207547,-11.5551,0.0945945945945946,0.6621621621621622,0.25675675675675674,0.12162162162162163,0.23243243243243245,39
489030,489030.KS,PLUS 고배당주위클리커버드콜,EQUITY,367,-0.8118584857766252,-0.004769475357710662,-0.030209140201394313,-0.03721931713318982,0.10538264983237089,-0.06914498141263936,0.28878334492188124,-0.21578488312889568,-0.40643569872366525,2958.0,702468.0,0.8383018867924528,9.4214,0.02702702702702703,0.3108108108108108,0.9594594594594594,0.1891891891891892,0.22364864864864864,41
466920,466920.KS,SOL 조선TOP3플러스,EQUITY,367,-0.5006855431902866,-0.01947097722263047,-0.005218039508013472,-0.04899340815962938,-0.18727161997563946,-0.1925578581152625,0.5914490178996515,0.5258503440788305,-0.39807181015724247,14172.0,670122.0,0.9405660377358491,-17.877,0.08108108108108109,0.5405405405405406,0.3918918918918919,0.25675675675675674,0.21959459459459463,42
227540,227540.KS,TIGER 200 헬스케어,EQUITY,367,-0.27596358748209737,-0.003278688524590123,-0.009234111895708885,-0.10980966325036601,0.002473206924979321,-0.11262466553150086,0.3941001998502887,0.3331518372723791,-0.3384794951808344,303.0,10510.0,0.40403301886792453,7.9289,0.12162162162162163,0.08108108108108109,0.581081081081081,0.3108108108108108,0.18243243243243243,43
